"id","ts","light","temperature","soil_moisture","humidity","api_temp","precipitation","cloud_cover"
"1","2025-04-01 21:15:00","34.3262","33.3125","3262","84","27.9","0.1","100"
"2","2025-04-01 21:30:00","33.9057","33.4688","3232.5","84","27.8","0.1","100"
"3","2025-04-01 21:45:00","33.2979","33.5938","3218","85","27.8","0.1","100"
"4","2025-04-01 22:00:00","33.6201","33.3281","3211","85","27.6","0","100"
"5","2025-04-01 22:15:00","33.2979","33.3438","3203","85","27.6","0","100"
"6","2025-04-01 22:30:00","33.4355","33.4844","3204","86","27.5","0","100"
"7","2025-04-01 22:45:00","33.2979","33.625","3199","81","29.1","0","100"
"8","2025-04-01 23:00:00","33.0254","33.6875","3200.5","82","29","0","90"
"9","2025-04-01 23:15:00","22.3164","33.5625","3198","83","28.8","0","90"
"10","2025-04-01 23:30:00","22.3934","33.5312","3196.5","84","28.6","0","90"
"11","2025-04-01 23:45:00","22.4192","33.4062","3197","84","28.5","0","90"
"12","2025-04-02 00:00:00","22.523","33.4844","3187","85","28.4","0","72"
"13","2025-04-02 00:15:00","22.4708","33.4688","3195","86","28.3","0","72"
"14","2025-04-02 00:30:00","22.3677","33.25","3194","87","28.2","0","72"
"15","2025-04-02 07:30:00","24.6837","34.1875","3229","89","27.7","0","100"
"16","2025-04-02 07:45:00","25.5649","33.9219","3246.5","87","28.2","0","100"
"17","2025-04-02 08:00:00","24.2171","33.5","3248","85","28.5","0","6"
"18","2025-04-02 08:15:00","24.3036","33.7344","3250.5","82","29.1","0","6"
"19","2025-04-02 08:30:00","24.3325","33.875","3248","78","29.9","0","6"
"20","2025-04-02 08:45:00","25.4106","33.5781","3239.5","74","30.5","0","6"
"21","2025-04-02 09:00:00","24.8023","33.375","3223","71","30.9","0","39"
"22","2025-04-02 09:15:00","26.6865","33.3594","3211","68","31.4","0","39"
"23","2025-04-02 09:30:00","26.422","33.3438","3198","64","31.8","0","39"
"24","2025-04-02 09:45:00","27.1202","33.4062","3175","61","32.2","0","39"
"25","2025-04-02 10:00:00","27.9142","33.5","3178","59","32.5","0","56"
"26","2025-04-02 10:15:00","27.2925","33.4375","3168","56","33","0","56"
"27","2025-04-02 10:30:00","27.9142","33.25","3173","54","33.5","0","56"
"28","2025-04-02 10:45:00","27.537","33.3281","3172.5","52","34","0","56"
"29","2025-04-02 11:00:00","28.0559","33.4375","3177","54","33.3","0","100"
"30","2025-04-02 11:15:00","29.1177","33.4844","3168","52","33.8","0","100"
"31","2025-04-02 11:30:00","26.2921","33.25","3163","50","34.2","0","100"
"32","2025-04-02 11:45:00","28.1987","33.3281","3148.5","47","34.5","0","100"
"33","2025-04-02 12:00:00","25.9079","33.4375","3155","46","34.8","0","100"
"34","2025-04-02 12:15:00","26.0717","33.4688","3151.5","45","35","0","100"
"35","2025-04-02 12:30:00","26.2921","33.2188","3147","44","35.1","0","100"
"36","2025-04-02 12:45:00","25.5007","33.2969","3136","43","35.2","0","100"
"37","2025-04-02 13:00:00","25.0421","33.4375","3152","42","35.2","0","100"
"38","2025-04-02 13:15:00","25.1331","33.5","3151","42","35.3","0","100"
"39","2025-04-02 13:30:00","25.4697","33.375","3127","41","35.3","0","100"
"40","2025-04-02 13:45:00","25.6875","33.3438","3148.5","41","35.3","0","100"
"41","2025-04-02 14:00:00","25.6562","33.4688","3173","41","35.2","0","100"
"42","2025-04-02 14:15:00","26.358","33.5312","3157","41","35.2","0","100"
"43","2025-04-02 14:30:00","26.951","33.4688","3187","41","35.2","0","100"
"44","2025-04-02 14:45:00","25.5965","33.4062","3171","41","35.1","0","100"
"45","2025-04-02 15:00:00","25.5316","33.5312","3153","41","35","0","100"
"46","2025-04-02 15:15:00","25.6875","33.6562","3144","41","35.1","0","100"
"47","2025-04-02 15:30:00","25.7188","33.6562","3141","41","35.1","0","100"
"48","2025-04-02 15:45:00","25.2605","33.5","3171","40","35.2","0","100"
"49","2025-04-02 16:00:00","24.0453","33.625","3142","40","35.2","0","100"
"50","2025-04-02 16:15:00","24.075","33.75","3159.5","40","35.1","0","100"
"51","2025-04-02 16:30:00","24.3325","33.7812","3153","49","33","0","100"
"52","2025-04-02 16:45:00","23.7653","33.5625","3151","50","32.8","0","100"
"53","2025-04-02 17:00:00","23.1041","33.6875","3147","50","32.7","0","100"
"54","2025-04-02 17:15:00","22.8904","33.8125","3141","51","32.5","0","100"
"55","2025-04-02 17:30:00","22.7317","33.8438","3139","52","32.3","0","100"
"56","2025-04-02 17:45:00","22.7056","33.625","3131","53","32.2","0","100"
"57","2025-04-02 18:00:00","22.5227","33.7188","3135","54","32","0","100"
"58","2025-04-02 18:15:00","22.3936","33.8125","3126.5","57","31.6","0","100"
"59","2025-04-02 18:30:00","33.9469","33.8438","3120","61","31","0","100"
"60","2025-04-02 18:45:00","33.9471","33.7812","3116.5","65","30.5","0","100"
"61","2025-04-02 19:00:00","33.853","34.7188","3114","68","30.1","0","100"
"62","2025-04-02 19:15:00","33.4377","34.9844","3122.5","70","29.9","0","100"
"63","2025-04-02 19:30:00","34.1357","35.25","3134","72","29.6","0","100"
"64","2025-04-02 19:45:00","33.4359","35.1562","3157","74","29.4","0","100"
"65","2025-04-02 20:00:00","33.853","35","3138","75","29.2","0","100"
"66","2025-04-02 20:15:00","33.7596","34.5938","3145.5","76","29","0","100"
"67","2025-04-02 20:30:00","33.7596","34.5","3153","77","28.9","0","100"
"68","2025-04-02 20:45:00","33.9","34.3438","3149","78","28.7","0","100"
"69","2025-04-02 21:00:00","33.3895","34.2188","3150","79","28.6","0","100"
"70","2025-04-02 21:15:00","33.165","33.9531","3139.5","80","28.5","0","100"
"71","2025-04-02 21:30:00","32.8456","34.5312","3138","81","28.4","0","100"
"72","2025-04-02 21:45:00","32.7117","34.4688","3138.5","82","28.2","0","100"
"73","2025-04-02 22:00:00","32.7562","34.3125","3138","83","28.1","0","100"
"74","2025-04-02 22:15:00","32.9353","34.0469","3136.5","84","28.1","0","100"
"75","2025-04-02 22:30:00","32.7562","34","3130","84","28","0","100"
"76","2025-04-02 22:45:00","27.5554","34.0156","3112","84","28.6","0","100"
"77","2025-04-02 23:00:00","22.2652","33.6875","3120","84","28.5","0","100"
"78","2025-04-02 23:15:00","22.2908","33.2969","3112.5","85","28.5","0","100"
"79","2025-04-02 23:30:00","22.3164","33.0938","3105","85","28.4","0","100"
"80","2025-04-02 23:45:00","22.3164","33.1875","3099","86","28.2","0","100"
"81","2025-04-03 00:00:00","22.3164","33.9375","3089","86","28.1","0","100"
"82","2025-04-03 00:15:00","22.2908","34.4219","3086.5","87","28.1","0","100"
"83","2025-04-03 00:30:00","22.3164","34.625","3088","87","28","0","100"
"84","2025-04-03 00:45:00","22.3164","34.6094","3069.5","88","28","0","100"
"85","2025-04-03 01:00:00","22.3164","34.5938","3088","88","27.9","0","100"
"86","2025-04-03 01:15:00","22.3936","34.3281","3073.5","89","27.8","0","100"
"87","2025-04-03 01:30:00","22.3164","33.9688","3083","90","27.7","0","100"
"88","2025-04-03 01:45:00","22.3164","33.9375","3071","90","27.6","0","100"
"89","2025-04-03 02:00:00","22.2652","33.875","3063","91","27.5","0","100"
"90","2025-04-03 02:15:00","22.3164","33.7969","3061.5","91","27.5","0","100"
"91","2025-04-03 02:30:00","22.3164","33.5312","3066","92","27.4","0","100"
"92","2025-04-03 02:45:00","22.3164","33.5625","3059","92","27.3","0","100"
"93","2025-04-03 03:00:00","22.3164","33.625","3057","92","27.2","0","100"
"94","2025-04-03 03:15:00","22.3936","33.6406","3052","92","27.2","0","100"
"95","2025-04-03 03:30:00","22.3164","33.4062","3057","93","27.1","0","100"
"96","2025-04-03 03:45:00","22.3164","33.2812","3059","94","27.1","0","100"
"97","2025-04-03 04:00:00","22.3164","33.375","3058","94","27","0","100"
"98","2025-04-03 04:15:00","22.3164","33.3906","3062.5","94","27","0","100"
"99","2025-04-03 04:30:00","22.3164","33.1875","3059","93","27.1","0","100"
"100","2025-04-03 04:45:00","22.3164","33.1094","3066","93","27.1","0","100"
"101","2025-04-03 05:00:00","22.5227","33.1562","3047","93","27.1","0","100"
"102","2025-04-03 05:15:00","22.3164","33.2031","3070.5","93","27.1","0","100"
"103","2025-04-03 05:30:00","22.3164","33","3071","93","27","0","100"
"104","2025-04-03 05:45:00","22.3164","32.8906","3077","93","27","0","100"
"105","2025-04-03 06:00:00","22.3164","33.0312","3088","93","27","0","100"
"106","2025-04-03 06:15:00","22.3677","33.0469","3088","93","27","0","100"
"107","2025-04-03 06:30:00","22.4708","32.6875","3091","93","27","0","100"
"108","2025-04-03 06:45:00","22.5487","32.8438","3092","93","27","0","100"
"109","2025-04-03 07:00:00","22.5227","32.8438","3090","93","27","0","100"
"110","2025-04-03 07:15:00","23.2963","32.5781","3089.5","92","27.1","0","100"
"111","2025-04-03 07:30:00","24.3906","33.2188","3071","91","27.3","0","100"
"112","2025-04-03 07:45:00","25.5965","33.5938","3097.5","90","27.5","0","100"
"113","2025-04-03 08:00:00","27.0856","33.5938","3105","89","27.6","0","100"
"114","2025-04-03 08:15:00","26.4447","33.125","3103.5","88","27.9","0","100"
"115","2025-04-03 08:30:00","25.8446","33.1875","3110","86","28.1","0","100"
"116","2025-04-03 08:45:00","24.6838","33.3281","3106","85","28.4","0","100"
"117","2025-04-03 09:00:00","25.9713","33.375","3103","84","28.5","0.3","100"
"118","2025-04-03 09:15:00","26.951","33.4844","3095","83","28.8","0.3","100"
"119","2025-04-03 09:30:00","27.2894","33.2812","3105","82","29","0.3","100"
"120","2025-04-03 09:45:00","27.5646","33.2031","3104.5","81","29.2","0.3","100"
"121","2025-04-03 10:00:00","27.4954","33.2812","3105","81","29.4","0.3","100"
"122","2025-04-03 10:15:00","26.2192","33.2344","3101.5","79","29.8","0.3","100"
"123","2025-04-03 10:30:00","25.1025","32.9688","3121","76","30.2","0.3","100"
"124","2025-04-03 10:45:00","24.4551","33.1094","3118.5","67","31.2","0.1","100"
"125","2025-04-03 11:00:00","24.5658","33.2188","3117","66","31.5","0","94"
"126","2025-04-03 11:15:00","24.1913","33.2031","3120","65","31.8","0","94"
"127","2025-04-03 11:30:00","24.9818","32.9688","3117","64","32","0","94"
"128","2025-04-03 11:45:00","24.8921","33.125","3121.5","63","32.3","0","94"
"129","2025-04-03 12:00:00","24.9818","33.2188","3121","62","32.4","0","79"
"130","2025-04-03 12:15:00","24.0549","33.1875","3120","61","32.7","0","79"
"131","2025-04-03 12:30:00","24.1024","33","3098","60","32.9","0","79"
"132","2025-04-03 12:45:00","24.2459","33.1875","3120","59","33.1","0","79"
"133","2025-04-03 13:00:00","24.2171","33.2812","3118","58","33.2","0","81"
"134","2025-04-03 13:15:00","24.8027","33.1562","3120.5","57","33.3","0","81"
"135","2025-04-03 13:30:00","25.2241","33.0625","3120","56","33.5","0","81"
"136","2025-04-03 13:45:00","25.2856","33.25","3109.5","56","33.5","0","81"
"137","2025-04-03 14:00:00","25.408","33.3438","3115","55","33.5","0","76"
"138","2025-04-03 14:15:00","25.8776","33.1875","3099","54","33.7","0","76"
"139","2025-04-03 14:30:00","25.7188","33.125","3111","53","33.8","0","76"
"140","2025-04-03 14:45:00","25.6563","33.3281","3105","53","34","0","76"
"141","2025-04-03 15:00:00","25.5938","33.4062","3104","52","34","0","78"
"142","2025-04-03 15:15:00","25.408","33.2656","3098","53","33.8","0","78"
"143","2025-04-03 15:30:00","25.2241","33.2812","3095","56","33.3","0","78"
"144","2025-04-03 15:45:00","24.6544","33.4375","3090","58","32.8","0","78"
"145","2025-04-03 16:00:00","24.6246","33.5","3088","60","32.5","0.1","100"
"146","2025-04-03 16:15:00","24.3921","33.3438","3086","62","32.2","0.1","100"
"147","2025-04-03 16:30:00","23.8753","33.3125","3082","49","34.2","0","73"
"148","2025-04-03 16:45:00","23.4853","33.4844","3069.5","52","33.6","0","73"
"149","2025-04-03 17:00:00","23.0504","33.25","3071","53","33.2","0","84"
"150","2025-04-03 17:15:00","23.2696","33","3071","56","32.8","0","84"
"151","2025-04-03 17:30:00","23.3208","32.9688","3071","58","32.4","0","84"
"152","2025-04-03 17:45:00","22.9707","33.1875","3079","61","32","0","84"
"153","2025-04-03 18:00:00","22.5747","33.9375","3089","63","31.7","0","96"
"154","2025-04-03 18:15:00","28.885","34.2656","3143.5","65","31.4","0","96"
"155","2025-04-03 18:30:00","34.0411","34.375","3232","67","31.1","0","96"
"156","2025-04-03 18:45:00","34.4701","34.2812","3232.5","69","30.9","0","96"
"157","2025-04-03 19:00:00","34.422","34.1875","3229","70","30.7","0","38"
"158","2025-04-03 19:15:00","34.5677","33.9531","3220.5","71","30.5","0","38"
"159","2025-04-03 19:30:00","34.3262","33.7188","3225","71","30.4","0","38"
"160","2025-04-03 19:45:00","34.422","33.9062","3224.5","72","30.2","0","38"
"161","2025-04-03 20:00:00","33.9469","34.5312","3229","72","30.1","0","35"
"162","2025-04-03 20:15:00","34.3741","34.2656","3228","73","29.9","0","35"
"163","2025-04-03 20:30:00","34.1357","33.875","3229","75","29.6","0","35"
"164","2025-04-03 20:45:00","34.0429","33.8438","3230.5","76","29.5","0","35"
"165","2025-04-03 21:00:00","33.5738","33.9062","3213","77","29.2","0","74"
"166","2025-04-03 21:15:00","33.994","33.8438","3228","78","29","0","74"
"167","2025-04-03 21:30:00","34.1357","33.6562","3229","79","28.9","0","74"
"168","2025-04-03 21:45:00","34.1844","33.5","3233","80","28.7","0","74"
"169","2025-04-03 22:00:00","33.6665","33.9688","3235","80","28.5","0","35"
"170","2025-04-03 22:15:00","33.4392","33.8594","3229.5","81","28.5","0","35"
"171","2025-04-03 22:30:00","32.7562","33.7188","3233","81","28.3","0","35"
"172","2025-04-03 22:45:00","33.0707","33.4375","3221","80","28.5","0","31"
"173","2025-04-03 23:00:00","32.7562","33.5312","3226","81","28.4","0","9"
"174","2025-04-03 23:15:00","22.2143","33.4688","3218.5","82","28.2","0","9"
"175","2025-04-03 23:30:00","22.2652","33.5","3217","82","28.1","0","9"
"176","2025-04-03 23:45:00","22.368","33.3125","3210","83","28.1","0","9"
"177","2025-04-04 00:00:00","22.2652","33.3438","3216","83","28","0","14"
"178","2025-04-04 00:15:00","22.2397","33.3906","3218.5","84","28","0","14"
"179","2025-04-04 00:30:00","22.2652","33.3438","3218","84","27.9","0","14"
"180","2025-04-04 00:45:00","22.2908","33.1406","3221.5","85","27.8","0","14"
"181","2025-04-04 01:00:00","22.2652","33.1875","3219","85","27.6","0","28"
"182","2025-04-04 01:15:00","22.2908","33.25","3220.5","86","27.6","0","28"
"183","2025-04-04 01:30:00","22.2652","33.2188","3219","86","27.5","0","28"
"184","2025-04-04 01:45:00","22.2908","33.0156","3223","87","27.5","0","28"
"185","2025-04-04 02:00:00","22.3164","33.125","3221","87","27.4","0","32"
"186","2025-04-04 02:15:00","22.2653","33.1562","3209.5","87","27.3","0","32"
"187","2025-04-04 02:30:00","22.2652","33.0938","3221","88","27.2","0","32"
"188","2025-04-04 02:45:00","22.2908","32.9531","3222.5","88","27.2","0","32"
"189","2025-04-04 03:00:00","22.3164","33.0312","3218","88","27.1","0","10"
"190","2025-04-04 03:15:00","22.2908","33.0469","3222","88","27.1","0","10"
"191","2025-04-04 03:30:00","22.2652","32.9062","3223","88","27.1","0","10"
"192","2025-04-04 03:45:00","22.2908","32.8281","3221.5","88","27","0","10"
"193","2025-04-04 04:00:00","22.3164","32.9062","3222","88","27","0","8"
"194","2025-04-04 04:15:00","22.3164","32.9219","3220.5","88","27","0","8"
"195","2025-04-04 04:30:00","22.3164","32.6875","3222","87","26.9","0","37"
"196","2025-04-04 04:45:00","22.4195","32.7812","3213.5","87","26.9","0","37"
"197","2025-04-04 05:00:00","22.2652","32.9375","3222","87","26.8","0","34"
"198","2025-04-04 05:15:00","22.2908","32.8594","3225.5","87","26.8","0","34"
"199","2025-04-04 05:30:00","22.2652","32.625","3226","88","26.8","0","34"
"200","2025-04-04 05:45:00","22.3164","32.7188","3225.5","88","26.7","0","34"
"201","2025-04-04 06:00:00","22.2652","32.75","3227","88","26.6","0","42"
"202","2025-04-04 06:15:00","22.3936","32.6875","3226","88","26.6","0","42"
"203","2025-04-04 06:30:00","22.7317","32.8125","3228","89","26.6","0","42"
"204","2025-04-04 06:45:00","23.2667","32.8438","3225","90","26.6","0","42"
"205","2025-04-04 07:00:00","23.3208","32.6875","3227","90","26.6","0","52"
"206","2025-04-04 07:15:00","24.131","32.4375","3214","88","27","0","52"
"207","2025-04-04 07:30:00","24.8023","32.375","3223","85","27.6","0","52"
"208","2025-04-04 07:45:00","25.8177","32.6094","3210","82","28.2","0","52"
"209","2025-04-04 08:00:00","24.3906","32.7188","3217","80","28.6","0","39"
"210","2025-04-04 08:15:00","24.5407","32.9531","3216.5","77","29.2","0","39"
"211","2025-04-04 08:30:00","25.1632","32.9062","3214","74","29.9","0","39"
"212","2025-04-04 08:45:00","25.2242","32.9844","3214.5","71","30.5","0","39"
"213","2025-04-04 09:00:00","25.5316","33.0625","3216","69","30.8","0","19"
"214","2025-04-04 09:15:00","25.7197","33.1094","3222","66","31.4","0","19"
"215","2025-04-04 09:30:00","24.8023","33.2188","3221","63","32","0","19"
"216","2025-04-04 09:45:00","25.7584","33.0469","3217","60","32.5","0","19"
"217","2025-04-04 10:00:00","25.1025","33.0625","3219","58","32.8","0","55"
"218","2025-04-04 10:15:00","25.0119","33.125","3208.5","56","33.2","0","55"
"219","2025-04-04 10:30:00","24.3325","33.1562","3217","54","33.7","0","55"
"220","2025-04-04 10:45:00","26.865","33.0156","3219.5","60","32.7","0","81"
"221","2025-04-04 11:00:00","30.3126","33","3221","59","32.9","0","66"
"222","2025-04-04 11:15:00","26.8432","32.7656","3228","58","33.2","0","66"
"223","2025-04-04 11:30:00","27.634","32.5625","3231","56","33.5","0","66"
"224","2025-04-04 11:45:00","27.2553","32.5312","3271","55","33.8","0","66"
"225","2025-04-04 12:00:00","24.3325","33.0625","3312","54","34","0","55"
"226","2025-04-04 12:15:00","24.3373","33.7656","3316","53","34.3","0","55"
"227","2025-04-04 12:30:00","24.6837","34.0625","3317","52","34.5","0","55"
"228","2025-04-04 12:45:00","25.9065","34.2656","3319","51","34.6","0","55"
"229","2025-04-04 13:00:00","24.2171","34.3125","3331","51","34.7","0","56"
"230","2025-04-04 13:15:00","23.4852","34.3438","3328","51","34.8","0","56"
"231","2025-04-04 13:30:00","25.6562","34.25","3342","50","35","0","56"
"232","2025-04-04 13:45:00","25.2853","33.9844","3350","50","35","0","56"
"233","2025-04-04 14:00:00","25.408","33.9375","3355","50","35.1","0","64"
"234","2025-04-04 14:15:00","25.2937","33.9688","3359.5","50","35.1","0","64"
"235","2025-04-04 14:30:00","25.5938","33.9688","3349","51","35","0","64"
"236","2025-04-04 14:45:00","24.6649","33.9062","3354","52","35","0","64"
"237","2025-04-04 15:00:00","23.4852","33.8438","3343","52","35","0","75"
"238","2025-04-04 15:15:00","23.5699","33.8594","3353.5","52","34.8","0","75"
"239","2025-04-04 15:30:00","23.2121","33.9375","3359","53","34.5","0","75"
"240","2025-04-04 15:45:00","22.8903","33.8281","3354","53","34.3","0","75"
"241","2025-04-04 16:00:00","23.1041","33.7188","3354","53","34.1","0","59"
"242","2025-04-04 16:15:00","23.1045","33.7969","3351.5","53","34","0","59"
"243","2025-04-04 16:30:00","23.158","33.875","3381","54","33.5","0","72"
"244","2025-04-04 16:45:00","44.2343","33.1719","3387","55","33.4","0","72"
"245","2025-04-04 17:00:00","38.0436","32.4688","3379","55","33.2","0","46"
"246","2025-04-04 17:15:00","37.0635","32.375","3363.5","56","33","0","46"
"247","2025-04-04 17:30:00","34.2308","32.375","3371","58","32.5","0","46"
"248","2025-04-04 17:45:00","33.4381","32.4375","3362.5","60","32.1","0","46"
"249","2025-04-04 18:00:00","32.0539","32.375","3347","61","31.8","0","27"
"250","2025-04-04 18:15:00","29.6157","32.2969","3332.5","63","31.4","0","27"
"251","2025-04-04 18:30:00","28.854","32.2188","3312","66","30.8","0","27"
"252","2025-04-04 18:45:00","40.9927","32.1562","3314.5","68","30.3","0","27"
"253","2025-04-04 19:00:00","30.4724","32.75","3179","70","29.9","0","0"
"254","2025-04-04 19:15:00","30.6742","32.7188","3129.5","72","29.5","0","0"
"255","2025-04-04 19:30:00","30.5527","32.7188","3106","74","29.2","0","0"
"256","2025-04-04 19:45:00","30.5934","33.9375","3089.5","76","29","0","0"
"257","2025-04-04 20:00:00","30.4724","34.25","3095","77","28.8","0","0"
"258","2025-04-04 20:15:00","30.6739","34.2031","3077","79","28.6","0","0"
"259","2025-04-04 20:30:00","30.4724","33.75","3056","80","28.5","0","0"
"260","2025-04-04 20:45:00","30.755","33.4531","3051","81","28.4","0","0"
"261","2025-04-04 21:00:00","30.4724","33.2812","3053","82","28.2","0","12"
"262","2025-04-04 21:15:00","30.715","33.0938","3047","83","28.1","0","12"
"263","2025-04-04 21:30:00","30.7957","33.0312","3038","83","28.1","0","12"
"264","2025-04-04 21:45:00","30.0405","32.9062","3031","84","28","0","12"
"265","2025-04-04 22:00:00","29.7629","33.2188","3031","84","28","0","23"
"266","2025-04-04 22:15:00","29.9969","33.1094","3015","84","27.9","0","23"
"267","2025-04-04 22:30:00","29.7629","33.0625","3036","85","27.8","0","23"
"268","2025-04-04 22:45:00","25.9114","32.6875","3030.5","85","28.2","0","21"
"269","2025-04-04 23:00:00","22.2652","32.4688","3017","85","28.1","0","31"
"270","2025-04-04 23:15:00","22.3164","32.5312","3018.5","85","28","0","31"
"271","2025-04-04 23:30:00","22.3164","32.5625","3023","86","28","0","31"
"272","2025-04-04 23:45:00","22.2908","32.5625","3009","86","27.9","0","31"
"273","2025-04-05 00:00:00","22.2652","32.4688","3013","86","27.8","0","35"
"274","2025-04-05 00:15:00","22.3164","32.3906","3008","86","27.8","0","35"
"275","2025-04-05 00:30:00","22.3164","32.4375","3009","87","27.6","0","35"
"276","2025-04-05 00:45:00","22.3164","32.3594","3005.5","87","27.6","0","35"
"277","2025-04-05 01:00:00","22.3164","32.25","3010","87","27.5","0","41"
"278","2025-04-05 01:15:00","22.3164","32.2344","3002.5","87","27.5","0","41"
"279","2025-04-05 01:30:00","22.4708","32.25","2990","88","27.4","0","41"
"280","2025-04-05 01:45:00","22.3936","32.2344","2987","89","27.3","0","41"
"281","2025-04-05 02:00:00","22.3164","32.0938","2990","89","27.2","0","55"
"282","2025-04-05 02:15:00","22.3164","32.0938","2986.5","89","27.2","0","55"
"283","2025-04-05 02:30:00","22.3164","32.125","2992","89","27.2","0","55"
"284","2025-04-05 02:45:00","22.342","32.1406","2987.5","89","27.2","0","55"
"285","2025-04-05 03:00:00","22.3164","31.9688","2987","89","27.1","0","67"
"286","2025-04-05 03:15:00","22.3164","32.0156","2991","89","27.1","0","67"
"287","2025-04-05 03:30:00","22.3164","32.0625","2992","89","27.1","0","67"
"288","2025-04-05 03:45:00","22.3164","32","2991","89","27.1","0","67"
"289","2025-04-05 04:00:00","22.3164","31.875","2992","89","27.1","0","71"
"290","2025-04-05 04:15:00","22.3164","31.9375","2991.5","89","27.1","0","71"
"291","2025-04-05 04:30:00","22.3164","31.9375","2992","90","26.8","0","26"
"292","2025-04-05 04:45:00","22.4195","31.8438","2982","90","26.7","0","26"
"293","2025-04-05 05:00:00","22.3164","31.625","2991","90","26.6","0","6"
"294","2025-04-05 05:15:00","22.3936","31.5312","2974","90","26.6","0","6"
"295","2025-04-05 05:30:00","22.3164","31.5","2987","90","26.6","0","6"
"296","2025-04-05 05:45:00","22.3164","31.9688","2991","90","26.5","0","6"
"297","2025-04-05 06:00:00","22.3164","32.4062","3018","90","26.5","0","6"
"298","2025-04-05 06:15:00","26.6225","32.3438","2992","90","26.6","0","6"
"299","2025-04-05 06:30:00","22.5227","32.4062","3001","90","26.8","0","6"
"300","2025-04-05 06:45:00","22.8917","32.4219","2993","89","26.9","0","6"
"301","2025-04-05 07:00:00","23.3755","32.375","2989","89","27","0","8"
"302","2025-04-05 07:15:00","23.5128","32.2812","2989.5","87","27.5","0","8"
"303","2025-04-05 07:30:00","24.1024","32.625","2992","84","28.1","0","8"
"304","2025-04-05 07:45:00","24.8949","32.6406","2983","81","28.7","0","8"
"305","2025-04-05 08:00:00","25.6562","32.625","2993","79","29.1","0","24"
"306","2025-04-05 08:15:00","25.6875","32.4531","2993","76","29.6","0","24"
"307","2025-04-05 08:30:00","24.9818","32.5312","2994","73","30.1","0","24"
"308","2025-04-05 08:45:00","24.8624","32.4375","2992","71","30.5","0","24"
"309","2025-04-05 09:00:00","25.5316","32.1875","2970","69","30.9","0","44"
"310","2025-04-05 09:15:00","27.2914","32.1406","2991","66","31.4","0","44"
"311","2025-04-05 09:30:00","28.1986","32.1562","2985","63","31.9","0","44"
"312","2025-04-05 09:45:00","28.5968","32.2969","2978.5","60","32.4","0","44"
"313","2025-04-05 10:00:00","28.6331","32.4062","2976","58","32.7","0","70"
"314","2025-04-05 10:15:00","660.601","38.2188","3033.5","56","33.1","0","70"
"315","2025-04-05 10:30:00","660.601","36.9062","3043","54","33.5","0","70"
"316","2025-04-05 10:45:00","604.257","37.9375","3054.5","54","33.5","0","76"
"317","2025-04-05 11:00:00","376.461","35.6875","3061","53","33.7","0","84"
"318","2025-04-05 11:15:00","321.2","35.1406","3068.5","52","34","0","84"
"319","2025-04-05 11:30:00","282.528","35.0312","3071","51","34.3","0","84"
"320","2025-04-05 11:45:00","295.669","35.2656","3087","50","34.5","0","84"
"321","2025-04-05 12:00:00","390.702","35.875","3094","49","34.7","0","81"
"322","2025-04-05 12:15:00","340.993","36.4219","3095.5","48","34.8","0","81"
"323","2025-04-05 12:30:00","660.601","39.8125","3138","48","35","0","81"
"324","2025-04-05 12:45:00","660.601","39.0312","3199.5","47","35","0","81"
"325","2025-04-05 13:00:00","660.601","37.6875","3193","47","35","0","77"
"326","2025-04-05 13:15:00","660.601","37.4844","3194","47","35.2","0","77"
"327","2025-04-05 13:30:00","660.601","37.9688","3197","46","35.3","0","77"
"328","2025-04-05 13:45:00","599.789","37.1719","3187.5","46","35.4","0","77"
"329","2025-04-05 14:00:00","485.023","37.2188","3171","46","35.5","0","68"
"330","2025-04-05 14:15:00","436.898","36.5625","3184","46","35.4","0","68"
"331","2025-04-05 14:30:00","530.932","36.7812","3184","47","35.2","0","68"
"332","2025-04-05 14:45:00","351.492","36.2656","3306.5","48","35.1","0","68"
"333","2025-04-05 15:00:00","209.716","35.8438","3312","48","35","0","57"
"334","2025-04-05 15:15:00","270.526","36.1094","3309.5","48","34.8","0","57"
"335","2025-04-05 15:30:00","230.11","36.1562","3289","48","34.8","0","57"
"336","2025-04-05 15:45:00","254.359","36.3438","3274.5","48","34.7","0","57"
"337","2025-04-05 16:00:00","263.831","36.1875","3257","48","34.5","0","67"
"338","2025-04-05 16:15:00","230.125","35.7344","3251.5","49","34.3","0","67"
"339","2025-04-05 16:30:00","226.161","35.5","3239","53","34","0","100"
"340","2025-04-05 16:45:00","221.652","34.9844","3206","53","33.7","0","100"
"341","2025-04-05 17:00:00","214.969","34.7188","3195","54","33.5","0","100"
"342","2025-04-05 17:15:00","23.0505","34.1406","3197","55","33","0","100"
"343","2025-04-05 17:30:00","22.7844","33.9375","3162","57","32.5","0","100"
"344","2025-04-05 17:45:00","22.4712","33.75","3143","59","32.1","0","100"
"345","2025-04-05 18:00:00","22.4192","33.5625","3148","60","31.8","0","100"
"346","2025-04-05 18:15:00","22.138","33.3125","3162.5","62","31.3","0","100"
"347","2025-04-05 18:30:00","22.0622","33.3438","3169","64","30.8","0","100"
"348","2025-04-05 18:45:00","25.2637","33.2812","3180.5","66","30.4","0","100"
"349","2025-04-05 19:00:00","28.1986","33.0312","3184","67","30","0","100"
"350","2025-04-05 19:15:00","28.0915","33.0312","3182","69","29.7","0","100"
"351","2025-04-05 19:30:00","28.2703","33.5938","3197","71","29.4","0","100"
"352","2025-04-05 19:45:00","28.0915","33.7969","3186.5","74","29.1","0","100"
"353","2025-04-05 20:00:00","27.9849","33.5312","3191","75","28.9","0","100"
"354","2025-04-05 20:15:00","27.8438","33.5156","3200","77","28.7","0","100"
"355","2025-04-05 20:30:00","27.9142","33.2188","3210","78","28.5","0","100"
"356","2025-04-05 20:45:00","27.8792","33.2969","3198.5","79","28.4","0","100"
"357","2025-04-05 21:00:00","27.9142","33.3125","3202","80","28.3","0","100"
"358","2025-04-05 21:15:00","27.9496","33.2344","3203.5","81","28.2","0","100"
"359","2025-04-05 21:30:00","27.9142","33.2812","3194","81","28.1","0","100"
"360","2025-04-05 21:45:00","27.9849","33.2344","3203","82","28","0","100"
"361","2025-04-05 22:00:00","27.9849","33.1875","3198","82","27.9","0","71"
"362","2025-04-05 22:15:00","27.985","32.7344","3196.5","83","27.9","0","71"
"363","2025-04-05 22:45:00","27.9849","32.2344","3191.5","84","27.8","0","100"
"364","2025-04-05 23:00:00","27.9142","32.9375","3185","84","27.6","0","100"
"365","2025-04-05 23:15:00","27.9142","33.5156","3191","85","27.6","0","100"
"366","2025-04-05 23:30:00","21.9617","33.5625","3193","86","27.5","0","100"
"367","2025-04-05 23:45:00","21.9868","33.8281","3173","86","27.5","0","100"
"368","2025-04-06 00:00:00","22.0118","33.875","3200","87","27.4","0","100"
"369","2025-04-06 00:15:00","22.037","33.8281","3186.5","87","27.4","0","100"
"370","2025-04-06 00:30:00","22.0622","33.625","3175","88","27.3","0","100"
"371","2025-04-06 00:45:00","22.0622","33.2031","3175","88","27.2","0","100"
"372","2025-04-06 01:00:00","22.0118","33.125","3182","88","27.2","0","100"
"373","2025-04-06 01:15:00","22.037","33.1094","3176","88","27.2","0","100"
"374","2025-04-06 01:30:00","22.0118","33.0625","3162","88","27.2","0","100"
"375","2025-04-06 01:45:00","22.037","32.8281","3164","88","27.2","0","100"
"376","2025-04-06 02:00:00","22.0622","32.7812","3179","88","27.2","0","100"
"377","2025-04-06 02:15:00","22.1382","32.7812","3145","88","27.2","0","100"
"378","2025-04-06 02:30:00","22.0622","32.7812","3157","88","27.1","0","100"
"379","2025-04-06 02:45:00","22.037","32.6719","3161.5","87","27.1","0","100"
"380","2025-04-06 03:00:00","22.0118","32.5625","3164","87","27.1","0","100"
"381","2025-04-06 03:15:00","22.037","32.5781","3171","87","27.1","0","100"
"382","2025-04-06 03:30:00","21.9617","32.5938","3160","87","27","0","100"
"383","2025-04-06 03:45:00","22.0119","32.4531","3156","87","27","0","100"
"384","2025-04-06 04:00:00","22.0622","32.3125","3154","87","27","0","94"
"385","2025-04-06 04:15:00","22.0622","32.3906","3169","87","27","0","94"
"386","2025-04-06 04:30:00","22.0622","32.4375","3153","87","27","0","100"
"387","2025-04-06 04:45:00","22.2652","32.3125","3123","87","27.4","0","100"
"388","2025-04-06 05:00:00","22.0622","32.1562","3139","87","27.3","0","100"
"389","2025-04-06 05:15:00","22.0622","32.2656","3152.5","87","27.3","0","100"
"390","2025-04-06 05:30:00","22.0622","32.2812","3149","87","27.2","0","100"
"391","2025-04-06 05:45:00","22.037","32.1406","3154.5","87","27.2","0","100"
"392","2025-04-06 06:00:00","22.0622","32.0625","3159","87","27.1","0","83"
"393","2025-04-06 06:15:00","22.1382","32.2031","3155","87","27.2","0","83"
"394","2025-04-06 06:30:00","30.7144","32.3125","3152","87","27.3","0","83"
"395","2025-04-06 06:45:00","22.6013","32.1719","3145","87","27.4","0","83"
"396","2025-04-06 07:00:00","22.7844","32.6875","3171","87","27.5","0","92"
"397","2025-04-06 07:15:00","23.079","33.2812","3145","85","27.8","0","92"
"398","2025-04-06 07:30:00","23.707","33.25","3159","83","28.3","0","92"
"399","2025-04-06 07:45:00","23.8474","33.3438","3160","81","28.8","0","92"
"400","2025-04-06 08:00:00","24.2747","33.875","3155","79","29","0","90"
"401","2025-04-06 08:15:00","24.7465","33.5625","3143","77","29.5","0","90"
"402","2025-04-06 08:30:00","25.7188","33.4062","3147","74","29.9","0","90"
"403","2025-04-06 08:45:00","26.8203","33.2969","3144","72","30.2","0","90"
"404","2025-04-06 09:00:00","25.2241","33.4375","3140","70","30.5","0","76"
"405","2025-04-06 09:15:00","25.5627","33.3438","3145","68","30.9","0","76"
"406","2025-04-06 09:30:00","25.5316","33.1562","3129","67","31.2","0","76"
"407","2025-04-06 09:45:00","25.2739","33.0156","3114","66","31.6","0","76"
"408","2025-04-06 10:00:00","27.4265","33.125","3099","65","31.9","0","76"
"409","2025-04-06 10:15:00","27.3273","33.2969","3111","64","32.2","0","76"
"410","2025-04-06 10:30:00","29.0774","33.4375","3115","62","32.5","0","76"
"411","2025-04-06 10:45:00","27.8345","33.4531","3125.5","62","32.5","0","56"
"412","2025-04-06 11:00:00","29.6086","33.5938","3127","61","32.8","0","48"
"413","2025-04-06 11:15:00","26.1619","33.625","3113","60","33.1","0","48"
"414","2025-04-06 12:45:00","28.1271","30","3322","53","34.4","0","68"
"415","2025-04-06 13:00:00","30.7957","33.2188","3245","53","34.5","0","81"
"416","2025-04-06 13:15:00","27.7172","34.5","3222.5","53","34.7","0","81"
"417","2025-04-06 13:30:00","29.9967","35","3207","52","34.7","0","81"
"418","2025-04-06 13:45:00","29.6858","35.3125","3194.5","52","34.8","0","81"
"419","2025-04-06 14:00:00","29.8406","35.5938","3186","52","34.8","0","65"
"420","2025-04-06 14:15:00","29.0403","35.7969","3160","52","34.8","0","65"
"421","2025-04-06 14:30:00","27.0182","36","3153","51","34.8","0","65"
"422","2025-04-06 14:45:00","27.4955","36.1875","3148.5","50","34.8","0","65"
"423","2025-04-06 15:00:00","27.4265","36.3125","3137","50","34.8","0","50"
"424","2025-04-06 15:15:00","26.7519","36.4062","3136","50","34.8","0","50"
"425","2025-04-06 15:30:00","25.7188","36.5312","3163","49","34.8","0","50"
"426","2025-04-06 15:45:00","24.8413","36.6406","3146.5","49","34.7","0","50"
"427","2025-04-06 16:00:00","24.3906","36.5","3148","49","34.6","0","33"
"428","2025-04-06 16:15:00","24.2172","36.3438","3147","50","34.4","0","33"
"429","2025-04-06 16:30:00","23.8753","36.2188","3142","52","34.1","0","44"
"430","2025-04-06 16:45:00","23.4039","36.2031","3137","53","33.8","0","44"
"431","2025-04-06 17:00:00","23.158","36.2188","3136","54","33.5","0","15"
"432","2025-04-06 17:15:00","23.1603","36.1406","3124.5","55","33.1","0","15"
"433","2025-04-06 17:30:00","23.1041","36.0312","3127","57","32.7","0","15"
"434","2025-04-06 17:45:00","25.1981","36","3120","58","32.2","0","15"
"435","2025-04-06 18:00:00","23.1041","35.9688","3120","59","31.9","0","0"
"436","2025-04-06 18:15:00","22.4213","35.8594","3104","61","31.4","0","0"
"437","2025-04-06 18:30:00","22.0622","35.75","3109","64","30.8","0","0"
"438","2025-04-06 18:45:00","22.037","35.5938","3106","66","30.3","0","0"
"439","2025-04-06 19:00:00","22.0118","35.4375","3108","68","30","0","0"
"440","2025-04-06 19:15:00","22.1637","35.375","3093","70","29.6","0","0"
"441","2025-04-06 19:30:00","26.951","35.25","3102","72","29.2","0","0"
"442","2025-04-06 19:45:00","26.358","35.0781","3092","74","29","0","0"
"443","2025-04-06 20:00:00","22.0118","35.125","3088","75","28.7","0","0"
"444","2025-04-06 20:15:00","22.0118","35.1875","3085.5","77","28.5","0","0"
"445","2025-04-06 20:30:00","22.0622","35.0938","3085","78","28.2","0","0"
"446","2025-04-06 20:45:00","21.9868","35","3076","80","28","0","0"
"447","2025-04-06 21:00:00","22.2652","34.9375","3082","81","27.9","0","0"
"448","2025-04-06 21:15:00","22.0622","34.7812","3067.5","82","27.8","0","0"
"449","2025-04-06 21:30:00","22.0622","34.7188","3056","83","27.6","0","0"
"450","2025-04-06 21:45:00","22.0622","34.6406","3046.5","84","27.6","0","0"
"451","2025-04-06 22:00:00","22.0622","34.5625","3039","85","27.5","0","0"
"452","2025-04-06 22:15:00","22.037","34.4531","3034","85","27.4","0","0"
"453","2025-04-06 22:30:00","27.0182","34.4375","3024","86","27.3","0","0"
"454","2025-04-06 22:45:00","24.6081","34.1094","3008","86","27.7","0","0"
"455","2025-04-06 23:00:00","22.0622","34.1562","3014","87","27.6","0","0"
"456","2025-04-06 23:15:00","22.0622","34.125","3012","88","27.5","0","0"
"457","2025-04-06 23:30:00","22.2652","33.9688","2987","88","27.4","0","0"
"458","2025-04-06 23:45:00","22.0622","33.875","2998.5","89","27.3","0","0"
"459","2025-04-07 00:00:00","22.0622","33.8125","3049","89","27.2","0","0"
"460","2025-04-07 00:15:00","22.037","33.7969","3016","90","27.1","0","0"
"461","2025-04-07 00:30:00","22.0118","33.7188","2986","90","27","0","0"
"462","2025-04-07 00:45:00","22.1382","33.7031","2982.5","91","27","0","0"
"463","2025-04-07 01:00:00","22.0622","33.5938","2983","91","26.9","0","4"
"464","2025-04-07 01:15:00","22.0622","33.5781","2975.5","91","26.9","0","4"
"465","2025-04-07 01:30:00","22.0118","33.4688","2971","92","26.8","0","4"
"466","2025-04-07 01:45:00","22.0622","33.4219","2973","92","26.8","0","4"
"467","2025-04-07 02:00:00","22.0622","33.375","3009","92","26.7","0","44"
"468","2025-04-07 02:15:00","22.0622","33.3125","2981","92","26.7","0","44"
"469","2025-04-07 02:30:00","22.0622","33.1875","2992","93","26.6","0","44"
"470","2025-04-07 02:45:00","22.0622","33.1094","3008.5","93","26.6","0","44"
"471","2025-04-07 03:00:00","22.2652","33.0625","2999","93","26.6","0","57"
"472","2025-04-07 03:15:00","22.1641","33.0781","2993.5","93","26.6","0","57"
"473","2025-04-07 03:30:00","22.0622","32.9375","2999","93","26.5","0","57"
"474","2025-04-07 03:45:00","22.0622","32.9531","2989","93","26.5","0","57"
"475","2025-04-07 04:00:00","22.0622","32.8125","2979","93","26.5","0","37"
"476","2025-04-07 04:15:00","22.0622","32.7656","2973.5","93","26.5","0","37"
"477","2025-04-07 04:30:00","22.0622","32.7812","2968","92","26.8","0","45"
"478","2025-04-07 04:45:00","22.0622","32.6875","3008","92","26.7","0","45"
"479","2025-04-07 05:00:00","22.0118","32.6562","3010","92","26.6","0","73"
"480","2025-04-07 05:15:00","22.0622","32.625","3016.5","92","26.6","0","73"
"481","2025-04-07 05:30:00","22.0622","32.5938","3024","92","26.6","0","73"
"482","2025-04-07 05:45:00","22.0874","32.5156","3015","91","26.6","0","73"
"483","2025-04-07 06:00:00","22.0622","32.4688","3024","91","26.6","0","86"
"484","2025-04-07 06:15:00","22.3951","32.4844","3031","91","26.7","0","86"
"485","2025-04-07 06:30:00","22.6269","32.6875","3027","90","26.8","0","86"
"486","2025-04-07 06:45:00","24.2771","32.5","3023","90","26.9","0","86"
"487","2025-04-07 07:00:00","24.4488","32.5","3019","90","26.9","0","77"
"488","2025-04-07 07:15:00","23.8769","32.4844","3022","89","27","0","77"
"489","2025-04-07 07:30:00","24.5658","32.5","3024","88","27","0","77"
"490","2025-04-07 07:45:00","23.7633","32.4688","3023.5","88","27.1","0","77"
"491","2025-04-07 08:00:00","23.158","32.4688","3025","87","27.1","0.3","100"
"492","2025-04-07 08:15:00","22.917","32.4219","3042.5","86","27.3","0.3","100"
"493","2025-04-07 08:30:00","24.3325","32.4375","3047","85","27.5","0.3","100"
"494","2025-04-07 08:45:00","25.6579","32.4531","3036.5","85","27.7","0.3","100"
"495","2025-04-07 09:00:00","26.951","32.4688","3047","84","27.8","0.2","100"
"496","2025-04-07 09:15:00","24.6841","32.5625","3058.5","83","28","0.2","100"
"497","2025-04-07 09:30:00","24.8023","32.75","3039","81","28.3","0.2","100"
"498","2025-04-07 09:45:00","24.862","32.25","3042.5","80","28.5","0.2","100"
"499","2025-04-07 10:00:00","25.2852","32.4688","3049","79","28.6","0.1","80"
"500","2025-04-07 10:15:00","27.8067","32.4062","3056.33","77","29.1","0.1","80"
"501","2025-04-07 10:30:00","220.446","30.6562","3089","74","29.7","0.1","80"
"502","2025-04-07 10:45:00","401.557","30.3125","3061.5","74","30.6","0.1","76"
"503","2025-04-07 11:00:00","522.775","31.6875","3062","73","30.9","0","81"
"504","2025-04-07 11:15:00","591.688","31.7969","3098","71","31.2","0","81"
"505","2025-04-07 11:30:00","660.601","31.9375","3088","69","31.6","0","81"
"506","2025-04-07 11:45:00","660.601","32.9531","3082","67","31.9","0","81"
"507","2025-04-07 12:00:00","660.601","32.8438","3065","66","32.1","0","87"
"508","2025-04-07 12:15:00","26.4225","32.375","3071","65","32.3","0","87"
"509","2025-04-07 12:30:00","26.099","33.0625","3089","64","32.4","0","87"
"510","2025-04-07 12:45:00","26.3349","32.7969","3064.5","63","32.5","0","87"
"511","2025-04-07 13:00:00","24.9818","32.6875","3066","63","32.5","0","90"
"512","2025-04-07 13:15:00","25.439","32.8125","3052","63","32.5","0","90"
"513","2025-04-07 13:30:00","25.8446","32.7812","3056","63","32.5","0","90"
"514","2025-04-07 13:45:00","24.478","32.7188","3052.5","63","32.3","0","90"
"515","2025-04-07 14:00:00","23.3208","32.7188","3053","63","32.3","0.1","73"
"516","2025-04-07 14:15:00","23.1869","32.7188","3057.5","62","32.5","0.1","73"
"517","2025-04-07 14:30:00","25.0421","32.7812","3056","61","32.7","0.1","73"
"518","2025-04-07 14:45:00","24.5779","32.9219","3068","59","32.8","0.1","73"
"519","2025-04-07 15:00:00","24.9818","32.9062","3067","58","33","0","68"
"520","2025-04-07 15:15:00","24.9819","32.9375","3075","59","32.7","0","68"
"521","2025-04-07 15:30:00","24.3325","33.0312","3079","61","32.2","0","68"
"522","2025-04-07 15:45:00","24.0779","32.9844","3043","63","31.8","0","68"
"523","2025-04-07 16:00:00","23.3208","33.0625","3055","64","31.5","0.1","82"
"524","2025-04-07 16:15:00","23.5139","33.1875","3068","64","31.4","0.1","82"
"525","2025-04-07 16:30:00","22.7317","33.1875","3071","63","31.8","0.1","66"
"526","2025-04-07 16:45:00","22.68","33.1719","3076","64","31.6","0","66"
"527","2025-04-07 17:00:00","22.7317","32.9375","3115","64","31.5","0","39"
"528","2025-04-07 17:15:00","22.6009","32.875","3121.5","64","31.4","0","39"
"529","2025-04-07 17:30:00","22.4192","32.8438","3115","65","31.2","0","39"
"530","2025-04-07 17:45:00","22.2653","32.8125","3123","65","31.1","0","39"
"531","2025-04-07 18:00:00","22.1127","32.8438","3122","65","31","0","26"
"532","2025-04-07 18:15:00","22.1893","32.8281","3142.5","67","30.6","0","26"
"533","2025-04-07 18:30:00","22.0622","32.8438","3147","69","30.1","0","26"
"534","2025-04-07 18:45:00","27.1875","32.6719","3136.5","71","29.7","0","26"
"535","2025-04-07 19:00:00","26.951","32.5625","3114","73","29.4","0","15"
"536","2025-04-07 19:15:00","26.951","32.5312","3114.5","75","29","0","15"
"537","2025-04-07 19:30:00","26.951","32.625","3145","77","28.8","0","15"
"538","2025-04-07 19:45:00","26.951","33.0469","3155.5","79","28.5","0","15"
"539","2025-04-07 20:00:00","26.5528","34.1562","3159","80","28.3","0","3"
"540","2025-04-07 20:15:00","26.5857","34.5781","3143.5","82","28.1","0","3"
"541","2025-04-07 20:30:00","26.6186","34.25","3123","83","28","0","3"
"542","2025-04-07 20:45:00","26.8184","34.0625","3118.5","84","27.9","0","3"
"543","2025-04-07 21:00:00","26.951","33.875","3142","85","27.8","0","12"
"544","2025-04-07 21:15:00","26.951","33.5625","3135.5","86","27.7","0","12"
"545","2025-04-07 21:30:00","26.951","33.1562","3133","87","27.6","0","12"
"546","2025-04-07 21:45:00","26.951","33","3138.5","88","27.5","0","12"
"547","2025-04-07 22:00:00","26.951","32.875","3136","88","27.5","0","32"
"548","2025-04-07 22:15:00","26.5892","32.8125","3132.5","88","27.5","0","32"
"549","2025-04-07 22:30:00","26.1631","32.8438","3119","89","27.4","0","32"
"550","2025-04-07 22:45:00","26.2598","32.8125","3154","87","27.8","0","8"
"551","2025-04-07 23:00:00","26.099","32.9688","3147","87","27.7","0","25"
"552","2025-04-07 23:15:00","26.131","32.5469","3150.5","87","27.6","0","25"
"553","2025-04-07 23:30:00","22.0622","32.4062","3141","88","27.6","0","25"
"554","2025-04-07 23:45:00","22.037","32.3281","3142.5","88","27.5","0","25"
"555","2025-04-08 00:00:00","22.0118","32.3125","3142","88","27.5","0","93"
"556","2025-04-08 00:15:00","22.037","32.2812","3134.5","88","27.4","0","93"
"557","2025-04-08 00:30:00","22.1634","32.3438","3111","89","27.3","0","93"
"558","2025-04-08 00:45:00","22.0118","32.2344","3136","90","27.2","0","93"
"559","2025-04-08 01:00:00","21.9617","32.1875","3125","90","27.1","0","96"
"560","2025-04-08 01:15:00","22.037","32.2031","3141","91","27.1","0","96"
"561","2025-04-08 01:30:00","22.0622","32.1562","3143","91","27","0","96"
"562","2025-04-08 01:45:00","22.1382","32.0156","3144","92","27","0","96"
"563","2025-04-08 02:00:00","22.0622","32","3146","92","27","0","54"
"564","2025-04-08 02:15:00","22.1382","31.9844","3136","92","26.9","0","54"
"565","2025-04-08 02:30:00","22.1127","31.8438","3139","93","26.9","0","54"
"566","2025-04-08 02:45:00","22.1637","31.7188","3130","93","26.8","0","54"
"567","2025-04-08 03:00:00","22.0118","31.6562","3149","93","26.8","0","77"
"568","2025-04-08 03:15:00","22.037","31.8281","3129","93","26.8","0","77"
"569","2025-04-08 03:30:00","22.0118","32.2812","3134","94","26.7","0","77"
"570","2025-04-08 03:45:00","22.0118","32.5","3136.5","94","26.6","0","77"
"571","2025-04-08 04:00:00","22.0118","32.5938","3152","94","26.6","0","96"
"572","2025-04-08 04:15:00","22.0622","32.6094","3128","94","26.6","0","96"
"573","2025-04-08 04:30:00","22.0118","32.5938","3130","92","26.8","0","81"
"574","2025-04-08 04:45:00","22.1385","32.2969","3109.5","92","26.8","0","81"
"575","2025-04-08 05:00:00","22.0622","32.125","3141","92","26.7","0","67"
"576","2025-04-08 05:15:00","22.0118","32.0781","3139","92","26.6","0","67"
"577","2025-04-08 05:30:00","22.0622","31.9688","3151","93","26.5","0","67"
"578","2025-04-08 05:45:00","22.0622","31.8125","3128.5","94","26.5","0","67"
"579","2025-04-08 06:00:00","22.0622","31.6875","3152","94","26.4","0","66"
"580","2025-04-08 06:15:00","22.1128","31.6875","3116","94","26.5","0","66"
"581","2025-04-08 06:30:00","22.2652","31.4375","3133","94","26.5","0","66"
"582","2025-04-08 06:45:00","22.3934","31.3906","3107.5","94","26.6","0","66"
"583","2025-04-08 07:00:00","22.4192","31.2188","3105","94","26.7","0","100"
"584","2025-04-08 07:15:00","22.5487","31.2656","3118.5","92","27.1","0","100"
"585","2025-04-08 07:30:00","22.6792","31.6562","3136","90","27.6","0","100"
"586","2025-04-08 07:45:00","22.9703","32.1562","3110","88","28.1","0","100"
"587","2025-04-08 08:00:00","23.2121","32.0938","3101","86","28.4","0","100"
"588","2025-04-08 08:15:00","23.3216","32.0156","3120","83","28.9","0","100"
"589","2025-04-08 08:30:00","23.3208","32.1875","3122","80","29.4","0","100"
"590","2025-04-08 08:45:00","23.4861","32.0312","3131","77","29.9","0","100"
"591","2025-04-08 09:00:00","23.6513","31.9688","3136","75","30.1","0","100"
"592","2025-04-08 09:15:00","23.9036","31.9219","3136","72","30.6","0","100"
"593","2025-04-08 09:30:00","23.9318","31.9062","3136","69","31.1","0","100"
"594","2025-04-08 09:45:00","24.3042","31.9219","3134.5","67","31.6","0","100"
"595","2025-04-08 10:00:00","24.6837","31.9688","3134","65","31.9","0","81"
"596","2025-04-08 10:15:00","23.5958","31.8594","3125.5","63","32.3","0","81"
"597","2025-04-08 10:30:00","25.2241","31.7812","3103","61","32.8","0","81"
"598","2025-04-08 10:45:00","24.952","31.875","3124","65","32.2","0","86"
"599","2025-04-08 11:00:00","25.0421","31.875","3125","64","32.5","0","100"
"600","2025-04-08 11:15:00","24.7224","31.7812","3109.5","63","32.8","0","100"
"601","2025-04-08 11:30:00","25.2852","31.7812","3121","61","33","0","100"
"602","2025-04-08 11:45:00","24.1641","31.8906","3128.5","60","33.3","0","100"
"603","2025-04-08 12:00:00","23.4852","31.9375","3134","59","33.5","0","80"
"604","2025-04-08 12:15:00","23.8251","31.9062","3146.5","58","33.8","0","80"
"605","2025-04-08 12:30:00","24.6246","31.9375","3147","56","34.1","0","80"
"606","2025-04-08 12:45:00","24.5659","32.0156","3114.5","55","34.4","0","80"
"607","2025-04-08 13:00:00","24.3906","32.0938","3105","54","34.6","0","70"
"608","2025-04-08 13:15:00","24.1885","32.0625","3117","53","34.8","0","70"
"609","2025-04-08 13:30:00","26.2275","32.5","3113","52","34.9","0","70"
"610","2025-04-08 13:45:00","25.9754","32.9531","3097.5","51","35","0","70"
"611","2025-04-08 14:00:00","24.0453","33.125","3120","51","35","0","71"
"612","2025-04-08 14:15:00","25.4714","33.2188","3114","51","35","0","71"
"613","2025-04-08 14:30:00","25.7188","33.3438","3126","51","34.8","0","71"
"614","2025-04-08 14:45:00","23.707","33.7969","3122","51","34.8","0","71"
"615","2025-04-08 15:00:00","24.8023","33.9375","3123","51","34.7","0","84"
"616","2025-04-08 15:15:00","24.0739","33.75","3119.5","51","34.7","0","84"
"617","2025-04-08 15:30:00","23.1041","33.5625","3137","51","34.6","0","84"
"618","2025-04-08 15:45:00","22.5487","33.7188","3136","51","34.6","0","84"
"619","2025-04-08 16:00:00","23.3208","33.625","3130","51","34.5","0","100"
"620","2025-04-08 16:15:00","22.6607","33.6562","3124","54","33.9","0","100"
"621","2025-04-08 16:30:00","22.1127","33.625","3136","74","30.6","0","100"
"622","2025-04-08 16:45:00","22.2653","33.0312","3127.5","74","30.6","0.5","100"
"623","2025-04-08 17:00:00","22.3164","32.5","3121","74","30.7","0.3","100"
"624","2025-04-08 17:15:00","22.2908","32.3438","3129.5","74","30.5","0.3","100"
"625","2025-04-08 17:30:00","22.3164","32.375","3121","75","30.4","0.3","100"
"626","2025-04-08 17:45:00","22.2399","32.1875","3130","76","30.1","0.3","100"
"627","2025-04-08 18:00:00","22.1127","32.0312","3133","76","30","0.2","100"
"628","2025-04-08 18:15:00","24.9179","32.0938","3123","77","29.7","0.2","100"
"629","2025-04-08 18:30:00","27.4954","32.2812","3109","79","29.4","0.2","100"
"630","2025-04-08 18:45:00","27.3243","32.625","3119","80","29","0.2","100"
"631","2025-04-08 19:00:00","27.1533","32.6562","3148","81","28.8","0","76"
"632","2025-04-08 19:15:00","27.1195","33.9688","3129.5","82","28.5","0","76"
"633","2025-04-08 19:30:00","27.1533","33.6875","3145","82","28.2","0","76"
"634","2025-04-08 19:45:00","27.1202","33.5312","3147","82","28","0","76"
"635","2025-04-08 20:00:00","27.1533","33.3125","3152","82","27.9","0","5"
"636","2025-04-08 20:15:00","27.0521","33.0469","3152","83","27.8","0","5"
"637","2025-04-08 20:30:00","27.1533","32.6562","3142","84","27.6","0","5"
"638","2025-04-08 20:45:00","27.0182","32.6406","3132","84","27.5","0","5"
"639","2025-04-08 21:00:00","27.2212","32.5938","3142","85","27.5","0","12"
"640","2025-04-08 21:15:00","26.8216","32.8594","3140.5","86","27.4","0","12"
"641","2025-04-08 21:30:00","26.951","33.0625","3157","87","27.3","0","12"
"642","2025-04-08 21:45:00","26.7519","33.1094","3164","88","27.2","0","12"
"643","2025-04-08 22:00:00","26.4873","33.0938","3166","89","27.2","0","57"
"644","2025-04-08 22:15:00","26.5201","33.1406","3161","89","27.2","0","57"
"645","2025-04-08 22:30:00","26.6186","32.9375","3183","90","27.2","0","57"
"646","2025-04-08 22:45:00","26.7848","32.6719","3175","88","28","0","38"
"647","2025-04-08 23:00:00","26.4873","32.6875","3145","88","28","0","59"
"648","2025-04-08 23:15:00","24.2823","32.3594","3150.5","89","27.9","0","59"
"649","2025-04-08 23:30:00","21.9617","32.3438","3147","89","27.9","0","59"
"650","2025-04-08 23:45:00","22.1134","32.2812","3141","90","27.8","0","59"
"651","2025-04-09 00:00:00","22.0622","32.1875","3155","90","27.8","0","59"
"652","2025-04-09 00:15:00","21.9617","32.2188","3157.5","90","27.7","0","59"
"653","2025-04-09 00:30:00","22.0118","32.1875","3155","91","27.6","0","59"
"654","2025-04-09 00:45:00","22.0118","32.1094","3153","91","27.5","0","59"
"655","2025-04-09 01:00:00","22.0118","31.9688","3200","91","27.5","0","67"
"656","2025-04-09 01:15:00","22.037","32.0312","3167.5","91","27.5","0","67"
"657","2025-04-09 01:30:00","22.0622","32.0312","3184","91","27.5","0","67"
"658","2025-04-09 01:45:00","22.1382","31.9688","3147","91","27.5","0","67"
"659","2025-04-09 02:00:00","22.0118","31.8125","3157","91","27.4","0","72"
"660","2025-04-09 02:15:00","22.0876","31.8906","3144.5","91","27.4","0","72"
"661","2025-04-09 02:30:00","22.0118","31.9375","3162","91","27.4","0","72"
"662","2025-04-09 02:45:00","22.037","31.8438","3178","91","27.4","0","72"
"663","2025-04-09 03:00:00","22.0118","31.75","3152","91","27.4","0","71"
"664","2025-04-09 03:15:00","22.0622","31.8125","3149.5","91","27.4","0","71"
"665","2025-04-09 03:30:00","22.0118","31.8438","3137","91","27.4","0","71"
"666","2025-04-09 03:45:00","22.0622","31.7031","3156.5","90","27.4","0","71"
"667","2025-04-09 04:00:00","22.0622","31.6562","3164","90","27.3","0","71"
"668","2025-04-09 04:15:00","22.037","31.7344","3160.5","90","27.3","0","71"
"669","2025-04-09 04:30:00","22.0622","31.75","3151","90","27.4","0","59"
"670","2025-04-09 04:45:00","22.0622","31.625","3162","90","27.4","0","59"
"671","2025-04-09 05:00:00","22.0622","31.625","3152","90","27.3","0","72"
"672","2025-04-09 05:15:00","22.1128","31.6406","3143","90","27.4","0","72"
"673","2025-04-09 05:30:00","22.0118","31.6562","3156","90","27.4","0","72"
"674","2025-04-09 05:45:00","22.0622","31.5156","3158","89","27.4","0","72"
"675","2025-04-09 06:00:00","22.2652","31.5625","3143","89","27.4","0","68"
"676","2025-04-09 06:15:00","22.1127","31.5938","3160.5","89","27.5","0","68"
"677","2025-04-09 06:30:00","22.2652","31.4688","3155","88","27.6","0","68"
"678","2025-04-09 06:45:00","22.3678","31.3594","3152.5","88","27.7","0","68"
"679","2025-04-09 07:00:00","22.6792","31.2812","3137","88","27.8","0","67"
"680","2025-04-09 07:15:00","22.9438","31.2344","3147.5","86","28.1","0","67"
"681","2025-04-09 07:30:00","23.1041","31.1562","3145","84","28.5","0","67"
"682","2025-04-09 07:45:00","23.2686","31.2969","3139","82","29","0","67"
"683","2025-04-09 08:00:00","23.5958","31.3125","3152","80","29.2","0","87"
"684","2025-04-09 08:15:00","23.403","31.4531","3151.5","78","29.6","0","87"
"685","2025-04-09 08:30:00","23.5404","31.5938","3152","76","30","0","87"
"686","2025-04-09 08:45:00","23.6319","31.6562","3144.5","74","30.4","0","87"
"687","2025-04-09 09:00:00","23.9318","31.5938","3157","73","30.5","0","100"
"688","2025-04-09 09:15:00","24.2461","31.625","3155","71","31","0","100"
"689","2025-04-09 09:30:00","23.4303","31.6562","3158","68","31.5","0","100"
"690","2025-04-09 09:45:00","23.9413","31.7031","3148","66","31.9","0","100"
"691","2025-04-09 10:00:00","24.8619","31.5938","3157","64","32.2","0","55"
"692","2025-04-09 10:15:00","25.225","31.6562","3146","62","32.5","0","55"
"693","2025-04-09 10:30:00","23.5404","31.7812","3153","61","33","0","55"
"694","2025-04-09 10:45:00","25.2258","31.8594","3138.5","61","33.1","0","69"
"695","2025-04-09 11:00:00","25.5316","31.8125","3149","60","33.2","0","68"
"696","2025-04-09 11:15:00","25.5052","31.8594","3149.5","59","33.5","0","68"
"697","2025-04-09 11:30:00","25.1025","31.9375","3152","59","33.6","0","68"
"698","2025-04-09 11:45:00","23.7921","32.0312","3144.5","58","33.8","0","68"
"699","2025-04-09 12:00:00","23.707","31.9688","3193","58","33.8","0.1","60"
"700","2025-04-09 12:15:00","24.5779","32.0312","3177.5","57","34","0.1","60"
"701","2025-04-09 12:30:00","24.2171","32.1562","3162","57","34.2","0.1","60"
"702","2025-04-09 12:45:00","24.9219","32.2344","3193","56","34.3","0.1","60"
"703","2025-04-09 13:00:00","24.9218","32.1875","3167","56","34.4","0","71"
"704","2025-04-09 13:15:00","24.4786","32.25","3179","55","34.6","0","71"
"705","2025-04-09 13:30:00","24.5658","32.3438","3179","54","34.8","0","71"
"706","2025-04-09 13:45:00","24.3907","32.4219","3169","54","34.9","0","71"
"707","2025-04-09 14:00:00","24.2171","32.4062","3155","53","35","0","51"
"708","2025-04-09 14:15:00","24.1024","32.3594","3157.5","52","35.2","0","51"
"709","2025-04-09 14:30:00","24.0453","32.3125","3155","51","35.2","0","51"
"710","2025-04-09 14:45:00","23.9318","32.2812","3150.5","50","35.3","0","51"
"711","2025-04-09 15:00:00","23.9318","32.3125","3169","49","35.3","0","50"
"712","2025-04-09 15:15:00","23.7352","32.7188","3149","49","35.2","0","50"
"713","2025-04-09 15:30:00","23.7629","33.1562","3125","50","34.9","0","50"
"714","2025-04-09 15:45:00","23.3483","33.4375","3150","51","34.6","0","50"
"715","2025-04-09 16:00:00","23.4852","33.5625","3135","51","34.4","0","41"
"716","2025-04-09 16:15:00","23.1856","33.5938","3165","52","34.2","0","41"
"717","2025-04-09 16:30:00","22.7844","33.5938","3167","54","33.7","0","43"
"718","2025-04-09 16:45:00","22.653","33.3281","3178","55","33.4","0","43"
"719","2025-04-09 17:00:00","22.5227","33.2812","3179","56","33.2","0","30"
"720","2025-04-09 17:15:00","22.3678","33.2656","3174","57","32.9","0","30"
"721","2025-04-09 17:30:00","22.3164","33.25","3168","58","32.5","0","30"
"722","2025-04-09 17:45:00","22.1634","33.1406","3176","58","32.2","0","30"
"723","2025-04-09 18:00:00","22.3164","33.0625","3155","59","32","0","0"
"724","2025-04-09 18:15:00","22.0622","33.0938","3179.5","61","31.5","0","0"
"725","2025-04-09 18:30:00","22.0622","33.125","3182","64","31","0","0"
"726","2025-04-09 18:45:00","22.0118","33.0938","3177","66","30.5","0","0"
"727","2025-04-09 19:00:00","22.0118","32.9375","3169","68","30.1","0","0"
"728","2025-04-10 07:00:00","22.6547","30.1562","3175.5","91","26.8","0","100"
"729","2025-04-10 07:15:00","22.7844","30.6562","3120","90","27","0","100"
"730","2025-04-10 07:30:00","22.9701","30.8281","3120.5","88","27.4","0","100"
"731","2025-04-10 07:45:00","23.0504","31.2188","3123","87","27.8","0","100"
"732","2025-04-10 08:00:00","23.1581","31.1406","3121","86","28","0","100"
"733","2025-04-10 08:15:00","23.5404","31.0312","3121","84","28.4","0","100"
"734","2025-04-10 08:30:00","23.1041","30.8906","3119.5","81","28.9","0","100"
"735","2025-04-10 08:45:00","23.7629","30.875","3099","79","29.3","0","100"
"736","2025-04-10 09:00:00","23.7071","30.9375","3136","77","29.6","0","100"
"737","2025-04-10 09:15:00","24.0453","31.4375","3135","75","30","0","100"
"738","2025-04-10 09:30:00","23.4311","31.8438","3132","72","30.4","0","100"
"739","2025-04-10 09:45:00","23.3208","31.9688","3136","70","30.8","0","100"
"740","2025-04-10 10:00:00","23.5683","32.0469","3163","69","31","0.1","100"
"741","2025-04-10 10:15:00","24.2171","32.0625","3136","68","31.2","0.1","100"
"742","2025-04-10 10:30:00","24.8925","31.75","3132.5","67","31.5","0.1","100"
"743","2025-04-10 10:45:00","24.9218","31.625","3139","65","31.5","0.1","100"
"744","2025-04-10 11:00:00","24.0744","31.625","3137.5","64","31.8","0","80"
"745","2025-04-10 11:15:00","24.4488","31.625","3135","62","32.2","0","80"
"746","2025-04-10 11:30:00","24.8656","31.5312","3131.5","61","32.6","0","80"
"747","2025-04-10 11:45:00","25.9713","31.4375","3126","60","33","0","80"
"748","2025-04-10 12:00:00","24.5958","31.5469","3125.5","59","33.2","0","72"
"749","2025-04-10 12:15:00","24.1024","31.625","3138","58","33.5","0","72"
"750","2025-04-10 12:30:00","23.6237","31.5469","3125","58","33.7","0","72"
"751","2025-04-10 12:45:00","23.4852","31.5","3113","58","33.8","0","72"
"752","2025-04-10 13:00:00","23.5961","31.5781","3134","58","34","0","100"
"753","2025-04-10 13:15:00","23.0504","31.6562","3120","58","34","0","100"
"754","2025-04-10 13:30:00","23.0505","31.6094","3115","57","34.1","0","100"
"755","2025-04-10 13:45:00","23.4852","31.5625","3134","57","34.1","0","100"
"756","2025-04-10 14:00:00","22.6269","31.6562","3128.5","57","34.1","0","100"
"757","2025-04-10 14:15:00","22.2652","31.6875","3122","58","34","0","100"
"758","2025-04-10 14:30:00","22.3936","31.5938","3120","58","33.7","0","100"
"759","2025-04-10 14:45:00","22.5227","31.5938","3111","59","33.5","0","100"
"760","2025-04-10 15:00:00","22.6269","31.6562","3120","60","33.2","0.1","100"
"761","2025-04-10 15:15:00","22.9435","31.7188","3119","59","33.3","0.1","100"
"762","2025-04-10 15:30:00","23.0505","31.6094","3107.5","58","33.4","0.1","100"
"763","2025-04-10 15:45:00","23.1041","31.625","3114","56","33.5","0.1","100"
"764","2025-04-10 16:00:00","23.0504","31.6875","3118.5","55","33.6","0","100"
"765","2025-04-10 16:15:00","22.8903","31.625","3137","55","33.5","0","100"
"766","2025-04-10 16:30:00","22.891","31.5625","3124.5","56","33.3","0","100"
"767","2025-04-10 16:45:00","22.7844","31.625","3132","65","31.7","0","100"
"768","2025-04-10 17:00:00","22.6795","31.6406","3135","65","31.5","0","100"
"769","2025-04-10 17:15:00","29.6086","31.5","3188","66","31.3","0","100"
"770","2025-04-10 17:30:00","28.3793","31.3906","3152.5","68","31","0","100"
"771","2025-04-10 17:45:00","28.1986","31.4375","3120","69","30.7","0","100"
"772","2025-04-10 18:00:00","27.7389","31.4375","3137.5","70","30.5","0","100"
"773","2025-04-10 18:15:00","27.5646","31.5","3142","72","30.1","0","100"
"774","2025-04-10 18:30:00","27.4954","31.3281","3137.5","75","29.6","0","100"
"775","2025-04-10 18:45:00","28.1271","31.2812","3120","77","29.2","0","100"
"776","2025-04-10 19:00:00","27.9142","31.7031","3127","79","28.9","0","100"
"777","2025-04-10 19:15:00","27.8438","32.2188","3142","81","28.6","0","100"
"778","2025-04-10 19:30:00","27.8439","32.25","3132.5","83","28.5","0","100"
"779","2025-04-10 19:45:00","27.9849","32.3438","3121","84","28.2","0","100"
"780","2025-04-10 20:00:00","27.8439","32.4062","3135.5","85","28.1","0","100"
"781","2025-04-10 20:15:00","27.9142","32.3438","3143","86","28","0","100"
"782","2025-04-10 20:30:00","27.9511","32.1562","3141.5","87","27.9","0","100"
"783","2025-04-10 20:45:00","27.9142","32.0625","3122","88","27.9","0","100"
"784","2025-04-10 21:00:00","27.4265","32.0312","3138.5","88","27.8","0","100"
"785","2025-04-10 21:15:00","27.7037","32.375","3127","88","27.8","0","100"
"786","2025-04-10 21:30:00","27.3579","32.1875","3143","88","27.7","0","100"
"787","2025-04-10 21:45:00","27.2894","32.0312","3138","88","27.6","0","100"
"788","2025-04-10 22:00:00","27.3583","31.875","3137.5","88","27.6","0","100"
"789","2025-04-10 22:15:00","27.3578","31.8125","3135","88","27.6","0","100"
"790","2025-04-10 22:30:00","27.3579","31.7656","3133.5","88","27.5","0","100"
"791","2025-04-10 22:45:00","27.3578","32.25","3131","89","27.6","0","100"
"792","2025-04-10 23:00:00","27.3238","32.0469","3117.5","89","27.5","0","100"
"793","2025-04-10 23:15:00","27.2212","31.9062","3140","89","27.5","0","100"
"794","2025-04-10 23:30:00","22.0623","31.8281","3137","89","27.5","0","100"
"795","2025-04-10 23:45:00","22.1127","31.7812","3145","89","27.5","0","100"
"796","2025-04-11 00:00:00","22.1127","31.8438","3141.5","89","27.5","0","100"
"797","2025-04-11 00:15:00","22.3164","31.6875","3107","89","27.5","0","100"
"798","2025-04-11 00:30:00","22.0874","31.6406","3139","89","27.4","0","100"
"799","2025-04-11 00:45:00","22.1127","31.6875","3137","89","27.4","0","100"
"800","2025-04-11 01:00:00","22.1127","31.6875","3135.5","89","27.3","0","100"
"801","2025-04-11 01:15:00","22.0622","31.6562","3127","89","27.3","0","100"
"802","2025-04-11 01:30:00","22.1127","31.5","3145.5","89","27.2","0","100"
"803","2025-04-11 01:45:00","22.1127","31.5312","3142","89","27.2","0","100"
"804","2025-04-11 02:00:00","22.1127","31.4844","3130","89","27.2","0","100"
"805","2025-04-11 02:15:00","22.1127","31.3125","3179","89","27.2","0","100"
"806","2025-04-11 02:30:00","22.1127","31.1719","3198","90","27.1","0","100"
"807","2025-04-11 02:45:00","22.1634","31.0938","3163","90","27.1","0","100"
"808","2025-04-11 03:00:00","22.0874","31.4844","3176","90","27","0","100"
"809","2025-04-11 03:15:00","22.1127","32","3163","90","27","0","100"
"810","2025-04-11 03:30:00","22.2145","32.2188","3139","91","27","0","100"
"811","2025-04-11 03:45:00","22.1127","32.3125","3179","91","27","0","100"
"812","2025-04-11 04:00:00","22.1127","32.2812","3181","91","27","0","100"
"813","2025-04-11 04:15:00","22.1127","32.0625","3182","91","27","0","100"
"814","2025-04-11 04:30:00","22.1128","31.7812","3168","91","26.9","0","100"
"815","2025-04-11 04:45:00","22.1127","31.7188","3152","92","26.6","0","100"
"816","2025-04-11 05:00:00","22.1127","31.7188","3163.5","92","26.6","0","100"
"817","2025-04-11 05:15:00","22.0622","31.6562","3168","92","26.6","0","100"
"818","2025-04-11 05:30:00","22.1127","31.4531","3164.5","92","26.6","0","100"
"819","2025-04-11 05:45:00","22.1127","31.4375","3155","92","26.6","0","100"
"820","2025-04-11 06:00:00","22.138","31.4844","3141.5","92","26.5","0","100"
"821","2025-04-11 06:15:00","22.3164","31.4688","3117","92","26.6","0","100"
"822","2025-04-11 06:30:00","22.2913","31.3594","3123","92","26.7","0","100"
"823","2025-04-11 06:45:00","28.1986","31.375","3148","91","26.8","0","100"
"824","2025-04-11 07:00:00","22.2399","31.5625","3148.5","91","26.8","0","100"
"825","2025-04-11 07:15:00","28.1271","31.375","3130","90","27","0","100"
"826","2025-04-11 07:30:00","27.8087","31.6094","3114.5","89","27.2","0","100"
"827","2025-04-11 07:45:00","27.7736","32.3125","3127","88","27.5","0","100"
"828","2025-04-11 08:00:00","27.8089","32.2656","3155","87","27.5","0.1","100"
"829","2025-04-11 08:15:00","22.2652","31.9062","3149","85","27.9","0.1","100"
"830","2025-04-11 08:30:00","22.4709","31.7656","3149","83","28.1","0.1","100"
"831","2025-04-11 08:45:00","22.3677","31.9062","3142","81","28.5","0.1","100"
"832","2025-04-11 09:00:00","22.4709","31.7344","3149.5","80","28.6","0","100"
"833","2025-04-11 09:15:00","23.1041","31.6562","3165","78","28.9","0","100"
"834","2025-04-11 09:30:00","24.3909","31.5938","3164.5","77","29.2","0","100"
"835","2025-04-11 09:45:00","24.6837","31.5","3166","76","29.5","0","100"
"836","2025-04-11 10:00:00","24.8321","31.375","3162","75","29.6","0.1","100"
"837","2025-04-11 10:15:00","24.9818","31.375","3152","74","29.9","0.1","100"
"838","2025-04-11 10:30:00","24.4351","31.4219","3146.5","74","30.1","0.1","100"
"839","2025-04-11 10:45:00","25.7188","31.5","3136","72","30.5","0.1","100"
"840","2025-04-11 10:45:00","25.7188","31.5","3136","72","30.5","0.1","100"
"841","2025-04-11 11:00:00","24.3515","31.4219","3129.5","72","30.5","0.1","100"
"842","2025-04-11 11:15:00","22.3677","31.3438","3131","71","30.9","0.1","100"
"843","2025-04-11 11:30:00","22.3677","31.4375","3134","69","31.4","0.1","100"
"844","2025-04-11 11:45:00","22.6792","31.4688","3129","68","31.8","0.1","100"
"845","2025-04-11 12:00:00","23.2211","31.4375","3140","67","32","0","100"
"846","2025-04-11 12:15:00","25.2852","31.3125","3174","66","32.2","0","100"
"847","2025-04-11 12:30:00","24.8629","31.3906","3182.5","66","32.4","0","100"
"848","2025-04-11 12:45:00","22.8372","31.4062","3186","65","32.5","0","100"
"849","2025-04-11 13:00:00","22.4968","31.2969","3181.5","65","32.6","0.1","100"
"850","2025-04-11 13:15:00","22.3677","31.25","3177","66","32.4","0.1","100"
"851","2025-04-11 13:30:00","22.4709","31.25","3158.5","67","32","0.1","100"
"852","2025-04-11 13:45:00","22.5227","31.1875","3135","69","31.6","0.1","100"
"853","2025-04-11 14:00:00","22.9179","31.0625","3128","70","31.3","0.4","100"
"854","2025-04-11 14:15:00","23.8753","31.0625","3135","70","31.3","0.4","100"
"855","2025-04-11 14:30:00","24.4199","31.125","3124.5","69","31.5","0.4","100"
"856","2025-04-11 14:45:00","24.9218","31.0625","3118","68","31.6","0.4","100"
"857","2025-04-11 15:00:00","24.6544","31.0156","3123.5","67","31.7","0.1","100"
"858","2025-04-11 15:15:00","24.5658","31.0312","3098","66","31.9","0.1","100"
"859","2025-04-11 15:30:00","24.3907","31.1094","3127.5","65","32","0.1","100"
"860","2025-04-11 15:45:00","23.9885","31.0938","3127","65","32.2","0.1","100"
"861","2025-04-11 16:00:00","23.8194","31.2031","3133","64","32.2","0","100"
"862","2025-04-11 16:15:00","23.819","31.2812","3127","64","32.2","0","100"
"863","2025-04-11 16:30:00","23.2936","31.3125","3138","64","32","0","99"
"864","2025-04-11 16:45:00","23.1041","31.5625","3149","66","31.9","0.1","99"
"865","2025-04-11 17:00:00","22.4193","31.5469","3140.5","67","31.7","0.2","100"
"866","2025-04-11 17:15:00","22.3164","31.5","3142","67","31.5","0.2","100"
"867","2025-04-11 17:30:00","22.3936","31.5156","3136.5","67","31.4","0.2","100"
"868","2025-04-11 17:45:00","22.2142","31.375","3149","67","31.2","0.2","100"
"869","2025-04-11 18:00:00","22.138","31.4062","3158","67","31.1","0","37"
"870","2025-04-11 18:15:00","22.3164","31.4375","3119","69","30.9","0","37"
"871","2025-04-11 18:30:00","27.4617","31.4375","3146.5","71","30.4","0","37"
"872","2025-04-11 18:45:00","27.2212","31.3438","3152","73","30","0","37"
"873","2025-04-11 19:00:00","27.1533","31.3594","3143.5","75","29.6","0","17"
"874","2025-04-11 19:15:00","27.2212","31.375","3137","77","29.4","0","17"
"875","2025-04-11 19:30:00","27.5338","31.3125","3126.5","79","29.2","0","17"
"876","2025-04-11 19:45:00","27.5646","31.3125","3135","81","29","0","17"
"877","2025-04-11 20:00:00","27.8438","31.4844","3135.5","82","28.9","0","100"
"878","2025-04-11 20:15:00","27.7037","31.375","3134","83","28.8","0","100"
"879","2025-04-11 20:30:00","27.7386","31.2656","3130.5","83","28.6","0","100"
"880","2025-04-11 20:45:00","27.7037","31.1875","3128","83","28.6","0","100"
"881","2025-04-11 21:00:00","27.7386","31.3125","3127","83","28.5","0","100"
"882","2025-04-11 21:15:00","27.7037","31.6562","3130","83","28.4","0","100"
"883","2025-04-11 21:30:00","27.7038","32.0156","3136","83","28.3","0","100"
"884","2025-04-11 21:45:00","27.7037","32.7188","3135","83","28.2","0","100"
"885","2025-04-11 22:00:00","27.8089","32.4531","3134.5","83","28.1","0","100"
"886","2025-04-11 22:15:00","27.634","32.375","3149","83","28","0","100"
"887","2025-04-11 22:30:00","27.2568","32.375","3156.5","84","28","0","100"
"888","2025-04-11 22:45:00","27.4265","32.3438","3171","83","28","0","100"
"889","2025-04-11 23:00:00","27.1533","31.9531","3176.5","83","27.9","0","100"
"890","2025-04-11 23:15:00","27.1533","31.8438","3168","83","27.8","0","100"
"891","2025-04-11 23:30:00","27.1533","31.8281","3129","84","27.6","0","100"
"892","2025-04-11 23:45:00","22.0622","31.6875","3138","85","27.5","0","100"
"893","2025-04-12 00:00:00","22.0622","31.5781","3124","85","27.4","0","100"
"894","2025-04-12 00:15:00","22.0622","31.5312","3136","86","27.4","0","100"
"895","2025-04-12 00:30:00","22.1889","31.6094","3134","87","27.2","0","100"
"896","2025-04-12 00:45:00","22.0622","31.625","3138","87","27.1","0","100"
"897","2025-04-12 01:00:00","22.0622","31.5156","3138","88","27.1","0","100"
"898","2025-04-12 01:15:00","22.3164","31.4062","3114","89","27","0","100"
"899","2025-04-12 01:30:00","22.0874","31.4375","3142","89","27","0","100"
"900","2025-04-12 01:45:00","22.0622","31.4688","3121","90","27","0","100"
"901","2025-04-12 02:00:00","22.2145","31.4062","3135.5","90","26.9","0","100"
"902","2025-04-12 02:15:00","22.1127","31.2812","3126","90","26.9","0","100"
"903","2025-04-12 02:30:00","22.0623","31.3281","3118.5","91","26.9","0","100"
"904","2025-04-12 02:45:00","22.0622","31.375","3143","91","26.9","0","100"
"905","2025-04-12 03:00:00","22.0874","31.2812","3129","91","26.8","0","100"
"906","2025-04-12 03:15:00","22.1127","31.1875","3126","91","26.8","0","100"
"907","2025-04-12 03:30:00","22.0874","31.2656","3136.5","92","26.8","0","100"
"908","2025-04-12 03:45:00","22.1127","31.3125","3147","92","26.7","0","100"
"909","2025-04-12 04:00:00","22.0874","31.2031","3139","92","26.6","0","100"
"910","2025-04-12 04:15:00","22.1127","31.1562","3132","92","26.6","0","100"
"911","2025-04-12 04:30:00","22.0623","31.2188","3118","93","26.5","0","100"
"912","2025-04-12 04:45:00","22.0622","31.2188","3146","93","26.5","0","100"
"913","2025-04-12 05:00:00","22.2145","31.0938","3128","93","26.4","0","100"
"914","2025-04-12 05:15:00","22.1127","31.125","3136","93","26.4","0","100"
"915","2025-04-12 05:30:00","22.2145","31.1406","3131.5","94","26.3","0","100"
"916","2025-04-12 05:45:00","22.0622","31.0625","3137","94","26.2","0","100"
"917","2025-04-12 06:00:00","22.1127","31.0312","3126","94","26.1","0","91"
"918","2025-04-12 06:15:00","22.1634","31.0625","3130","94","26.3","0","91"
"919","2025-04-12 06:30:00","22.3164","31.0781","3135.5","94","26.5","0","91"
"920","2025-04-12 06:45:00","22.5227","30.9688","3130","93","26.6","0","91"
"921","2025-04-12 07:00:00","22.7582","30.9375","3133.5","93","26.8","0","91"
"922","2025-04-12 07:15:00","22.8903","30.9375","3120","91","27.2","0","91"
"923","2025-04-12 07:30:00","23.403","30.8125","3112.5","88","27.8","0","91"
"924","2025-04-12 07:45:00","23.7629","30.7812","3099","86","28.4","0","91"
"925","2025-04-12 08:00:00","23.6033","31.6562","3122.5","84","28.8","0","90"
"926","2025-04-12 08:15:00","24.5072","31.7188","3128","81","29.3","0","90"
"927","2025-04-12 08:30:00","24.6548","31.7344","3122","77","29.8","0","90"
"928","2025-04-12 08:45:00","24.9218","31.6562","3120","73","30.2","0","90"
"929","2025-04-12 09:00:00","25.316","31.5938","3126.5","71","30.5","0","100"
"930","2025-04-12 09:15:00","25.5316","31.8125","3120","68","31","0","100"
"931","2025-04-12 09:30:00","25.7192","31.8906","3110","66","31.4","0","100"
"932","2025-04-12 09:45:00","26.099","31.9062","3116","64","31.8","0","100"
"933","2025-04-12 10:00:00","26.7567","32.2656","3143","62","32","0","100"
"934","2025-04-12 10:15:00","26.951","32.2188","3138","60","32.3","0","100"
"935","2025-04-12 10:30:00","321.158","33.2969","3128.5","58","32.6","0","100"
"936","2025-04-12 10:45:00","637.295","34.75","3089","53","33.6","0","92"
"937","2025-04-12 11:00:00","660.601","35.0781","3122","52","33.8","0","91"
"938","2025-04-12 11:15:00","660.601","35.0938","3128","51","34","0","91"
"939","2025-04-12 11:30:00","660.601","34.9688","3122.5","51","34.2","0","91"
"940","2025-04-12 11:45:00","660.601","35.2188","3136","50","34.3","0","91"
"941","2025-04-12 12:00:00","660.601","35.0938","3118.5","50","34.4","0","84"
"942","2025-04-12 12:15:00","660.601","35.2812","3121","49","34.6","0","84"
"943","2025-04-12 12:30:00","660.601","35.6875","3125.5","48","34.8","0","84"
"944","2025-04-12 12:45:00","660.601","35.9062","3138","48","35","0","84"
"945","2025-04-12 13:00:00","660.601","35.6719","3156","47","35","0","85"
"946","2025-04-12 13:15:00","660.601","36.0625","3136","47","35.2","0","85"
"947","2025-04-12 13:30:00","660.601","35.8281","3134","47","35.2","0","85"
"948","2025-04-12 13:45:00","660.601","35.8125","3137","47","35.2","0","85"
"949","2025-04-12 14:00:00","29.0799","34.4062","3229","47","35.1","0","83"
"950","2025-04-12 14:15:00","24.9818","33.4062","3267","47","35.2","0","83"
"951","2025-04-12 14:30:00","25.0422","33.2344","3243","47","35.2","0","83"
"952","2025-04-12 14:45:00","23.5404","33.0312","3223","46","35.2","0","83"
"953","2025-04-12 15:00:00","24.1039","33.0938","3214.5","46","35.2","0","54"
"954","2025-04-12 15:15:00","24.1024","33.3125","3206","46","35.2","0","54"
"955","2025-04-12 15:30:00","24.4226","33.5469","3200.5","45","35.2","0","54"
"956","2025-04-12 15:45:00","23.4852","33.5625","3184","44","35.2","0","54"
"957","2025-04-12 16:00:00","23.0773","33.5312","3192","44","35.1","0","35"
"958","2025-04-12 16:15:00","22.9968","33.5625","3191","44","35","0","35"
"959","2025-04-12 16:30:00","29.3033","32.75","3303","44","34.8","0","37"
"960","2025-04-12 16:45:00","25.1632","34.5625","3213","47","34.2","0","37"
"961","2025-04-12 17:00:00","24.7135","35.4531","3206","47","34","0","52"
"962","2025-04-12 17:15:00","24.0453","35.75","3207","48","33.7","0","52"
"963","2025-04-12 17:30:00","23.4861","35.7344","3202","50","33.3","0","52"
"964","2025-04-12 17:45:00","22.9435","35.6562","3202","52","32.9","0","52"
"965","2025-04-12 18:00:00","22.5234","35.6094","3204.5","53","32.6","0","46"
"966","2025-04-12 18:15:00","22.1634","35.5625","3209","56","32","0","46"
"967","2025-04-12 18:30:00","22.0874","35.4844","3208.5","60","31.4","0","46"
"968","2025-04-12 18:45:00","22.0118","35.4375","3204","64","30.8","0","46"
"969","2025-04-12 19:00:00","22.113","35.4062","3208","67","30.4","0","30"
"970","2025-04-12 19:15:00","22.0118","35.3438","3207","70","30","0","30"
"971","2025-04-12 19:30:00","22.0622","35.2656","3204","72","29.5","0","30"
"972","2025-04-12 19:45:00","22.0622","35.1875","3204","75","29.2","0","30"
"973","2025-04-12 20:00:00","25.7817","34.875","3202.5","76","29","0","62"
"974","2025-04-12 20:15:00","25.5938","34.9688","3201","78","28.7","0","62"
"975","2025-04-12 20:30:00","22.0118","35","3200","80","28.5","0","62"
"976","2025-04-12 20:45:00","22.2652","34.8438","3175","81","28.3","0","62"
"977","2025-04-12 21:00:00","22.037","34.75","3198.5","82","28.1","0","30"
"978","2025-04-12 21:15:00","22.0622","34.75","3213","83","28","0","30"
"979","2025-04-12 21:30:00","22.037","34.6406","3212.5","84","27.9","0","30"
"980","2025-04-12 21:45:00","22.0622","34.4375","3213","85","27.8","0","30"
"981","2025-04-12 22:00:00","22.1385","34.4688","3200.5","85","27.7","0","12"
"982","2025-04-12 22:15:00","22.0622","34.4062","3215","86","27.6","0","12"
"983","2025-04-12 22:30:00","24.2496","34.2969","3199","86","27.5","0","12"
"984","2025-04-12 22:45:00","22.0118","34.1875","3207","87","27.5","0","31"
"985","2025-04-12 23:00:00","22.0622","34.0781","3201.5","84","28","0","5"
"986","2025-04-12 23:15:00","22.0118","34.0938","3202","85","28","0","5"
"987","2025-04-12 23:30:00","22.037","34.0469","3200.5","86","27.9","0","5"
"988","2025-04-12 23:45:00","22.0622","34","3201","86","27.9","0","5"
"989","2025-04-13 00:00:00","21.9868","33.9219","3198.5","87","27.8","0","7"
"990","2025-04-13 00:15:00","22.0118","33.9062","3197","88","27.7","0","7"
"991","2025-04-13 00:30:00","22.0876","33.75","3188.5","88","27.6","0","7"
"992","2025-04-13 00:45:00","22.0622","33.75","3197","89","27.6","0","7"
"993","2025-04-13 01:00:00","22.113","33.7031","3189.5","89","27.5","0","12"
"994","2025-04-13 01:15:00","22.0118","33.5625","3200","90","27.5","0","12"
"995","2025-04-13 01:30:00","22.0118","33.5312","3197","91","27.5","0","12"
"996","2025-04-13 01:45:00","22.0118","33.5","3195","91","27.4","0","12"
"997","2025-04-13 02:00:00","22.0622","33.4531","3189","92","27.4","0","98"
"998","2025-04-13 02:15:00","22.0622","33.3438","3189","93","27.4","0","98"
"999","2025-04-13 02:30:00","22.0622","33.2969","3185.5","93","27.3","0","98"
"1000","2025-04-13 02:45:00","22.0622","33.1875","3185","94","27.2","0","98"
"1001","2025-04-13 03:00:00","22.1385","33.1875","3184","94","27.2","0","34"
"1002","2025-04-13 03:15:00","21.9617","33.125","3191","94","27.2","0","34"
"1003","2025-04-13 03:30:00","22.037","33.0156","3184","94","27.1","0","34"
"1004","2025-04-13 03:45:00","22.0622","33","3184","94","27.1","0","34"
"1005","2025-04-13 04:00:00","22.0118","32.9062","3182.5","94","27","0","100"
"1006","2025-04-13 04:15:00","22.0118","32.9062","3181","94","27","0","100"
"1007","2025-04-13 04:30:00","22.037","32.7969","3180","94","27","0","100"
"1008","2025-04-13 04:45:00","22.0118","32.75","3157","94","27.4","0","100"
"1009","2025-04-13 05:00:00","22.1637","32.7344","3163.5","94","27.3","0","100"
"1010","2025-04-13 05:15:00","22.0622","32.6562","3173","94","27.3","0","100"
"1011","2025-04-13 05:30:00","22.1385","32.5938","3161.5","94","27.2","0","100"
"1012","2025-04-13 05:45:00","22.0622","32.5625","3169","94","27.2","0","100"
"1013","2025-04-13 06:00:00","22.1382","32.5","3169.5","94","27.1","0","35"
"1014","2025-04-13 06:15:00","22.5747","32.5","3167","94","27.3","0","35"
"1015","2025-04-13 06:30:00","23.0241","32.4062","3167.5","93","27.5","0","35"
"1016","2025-04-13 06:45:00","23.4852","32.4062","3167","92","27.7","0","35"
"1017","2025-04-13 07:00:00","24.3724","32.375","3168.5","92","27.8","0","34"
"1018","2025-04-13 07:15:00","27.4954","32.375","3171","90","28.2","0","34"
"1019","2025-04-13 07:30:00","28.3835","32.3906","3172.5","86","28.8","0","34"
"1020","2025-04-13 07:45:00","31.4575","32.4375","3170","83","29.2","0","34"
"1021","2025-04-13 08:00:00","30.2747","32.5312","3159","81","29.5","0","41"
"1022","2025-04-13 08:15:00","30.5527","32.6562","3167","79","30","0","41"
"1023","2025-04-13 08:30:00","30.3164","32.7031","3169.5","76","30.5","0","41"
"1024","2025-04-13 08:45:00","30.7144","32.8125","3169","74","30.8","0","41"
"1025","2025-04-13 09:00:00","26.525","32.9375","3168.5","73","31","0","52"
"1026","2025-04-13 09:15:00","26.951","33.1562","3169","70","31.5","0","52"
"1027","2025-04-13 09:30:00","30.9028","33.2188","3170","67","32","0","52"
"1028","2025-04-13 09:45:00","33.2979","33.25","3152","63","32.4","0","52"
"1029","2025-04-13 10:00:00","33.4862","33.3906","3176","61","32.7","0","61"
"1030","2025-04-13 10:15:00","33.7596","33.5938","3177","59","33.1","0","61"
"1031","2025-04-13 10:30:00","35.3554","33.8125","3168","57","33.5","0","61"
"1032","2025-04-13 10:45:00","31.7111","34","3179","57","33.7","0","60"
"1033","2025-04-13 11:00:00","35.0512","34.1875","3178.5","56","33.7","0","48"
"1034","2025-04-13 11:15:00","32.4902","34.3438","3181","55","34","0","48"
"1035","2025-04-13 11:30:00","35.5119","34.4375","3181","54","34.3","0","48"
"1036","2025-04-13 11:45:00","37.7113","34.6875","3184","53","34.6","0","48"
"1037","2025-04-13 12:00:00","28.0665","34.3438","3183.5","52","34.8","0","65"
"1038","2025-04-13 12:15:00","39.0672","35","3158","51","35","0","65"
"1039","2025-04-13 12:30:00","35.2678","35.1719","3184","50","35.3","0","65"
"1040","2025-04-13 12:45:00","36.0106","35.3125","3184","49","35.7","0","65"
"1041","2025-04-13 13:00:00","32.8454","35.3906","3175.5","48","35.8","0","55"
"1042","2025-04-13 13:15:00","30.4724","35","3184","47","36","0","55"
"1043","2025-04-13 13:30:00","30.3347","35.3594","3182","47","36","0","55"
"1044","2025-04-13 13:45:00","34.422","35.7188","3183","46","36.2","0","55"
"1045","2025-04-13 14:00:00","30.2738","35.75","3190.5","46","36.2","0","78"
"1046","2025-04-13 14:15:00","27.4954","35.8125","3193","47","36","0","78"
"1047","2025-04-13 14:30:00","30.6174","35.9844","3188","48","35.6","0","78"
"1048","2025-04-13 14:45:00","33.853","36.0938","3185","49","35.2","0","78"
"1049","2025-04-13 15:00:00","29.94","36.1875","3185","50","35","0","100"
"1050","2025-04-13 15:15:00","34.1357","36.3125","3183","51","34.8","0","100"
"1051","2025-04-13 15:30:00","25.8469","36.3438","3179.5","51","34.7","0","100"
"1052","2025-04-13 15:45:00","22.6792","36.125","3173","52","34.6","0","100"
"1053","2025-04-13 16:00:00","22.8113","35.3594","3175","52","34.5","0","100"
"1054","2025-04-13 16:15:00","23.9318","35.75","3166","52","34.3","0","100"
"1055","2025-04-13 16:30:00","24.0171","35.7031","3207","53","34.2","0","100"
"1056","2025-04-13 16:45:00","24.2747","35.5625","3207","58","33.3","0.1","100"
"1057","2025-04-13 17:00:00","24.4782","35.4375","3192","58","33.3","0","100"
"1058","2025-04-13 17:15:00","24.3325","35.2812","3190","59","33.1","0","100"
"1059","2025-04-13 17:30:00","24.1885","35.1875","3178","60","32.8","0","100"
"1060","2025-04-13 17:45:00","24.3906","35.0625","3183","61","32.5","0","100"
"1061","2025-04-13 18:00:00","23.2686","35.0156","3183.5","62","32.3","0","100"
"1062","2025-04-13 18:15:00","22.3164","34.9062","3191","64","32","0","100"
"1063","2025-04-13 18:30:00","22.037","34.8125","3181.5","67","31.5","0","100"
"1064","2025-04-13 18:45:00","22.0118","34.7188","3175","70","31","0","100"
"1065","2025-04-13 19:00:00","21.9868","34.5469","3176","72","30.7","0","100"
"1066","2025-04-13 19:15:00","22.0118","34.4688","3175","74","30.4","0","100"
"1067","2025-04-13 19:30:00","21.9868","34.375","3171.5","77","30","0","100"
"1068","2025-04-13 19:45:00","22.0118","34.2812","3163","79","29.8","0","100"
"1069","2025-04-13 20:00:00","26.6904","34.1094","3188","80","29.6","0","62"
"1070","2025-04-13 20:15:00","21.9617","33.9688","3183","82","29.4","0","62"
"1071","2025-04-13 20:30:00","22.0118","34.0625","3168.5","83","29.2","0","62"
"1072","2025-04-13 20:45:00","22.0118","33.9688","3146","84","29","0","62"
"1073","2025-04-13 21:00:00","24.4563","33.9531","3162.5","85","28.9","0","34"
"1074","2025-04-13 21:15:00","21.9617","33.8125","3157","86","28.8","0","34"
"1075","2025-04-13 21:30:00","22.113","33.7812","3139.5","87","28.6","0","34"
"1076","2025-04-13 21:45:00","22.0622","33.7188","3150","88","28.5","0","34"
"1077","2025-04-13 22:00:00","21.9868","33.625","3143.5","88","28.4","0","44"
"1078","2025-04-13 22:15:00","22.0118","33.5312","3141","89","28.3","0","44"
"1079","2025-04-13 22:30:00","22.0118","33.4688","3139","89","28.1","0","44"
"1080","2025-04-13 22:45:00","22.0118","33.3125","3141","90","28","0","64"
"1081","2025-04-13 23:00:00","22.1637","33.125","3128.5","88","28.2","0","90"
"1082","2025-04-13 23:15:00","22.0622","33.125","3139","88","28.1","0","90"
"1083","2025-04-13 23:30:00","22.0118","33.0938","3137.5","88","28","0","90"
"1084","2025-04-13 23:45:00","22.0118","33.0625","3135","87","27.8","0","90"
"1085","2025-04-14 00:00:00","22.113","32.9844","3120.5","87","27.7","0","74"
"1086","2025-04-14 00:15:00","22.0622","32.9062","3130","87","27.6","0","74"
"1087","2025-04-14 00:30:00","22.0118","32.8594","3125","86","27.5","0","74"
"1088","2025-04-14 00:45:00","22.0118","32.875","3118","86","27.4","0","74"
"1089","2025-04-14 01:00:00","22.0118","32.7812","3120","86","27.2","0","90"
"1090","2025-04-14 01:15:00","21.9617","32.625","3122","86","27","0","90"
"1091","2025-04-14 01:30:00","21.9868","32.5781","3122.5","87","26.8","0","90"
"1092","2025-04-14 01:45:00","21.9617","32.4688","3121","88","26.6","0","90"
"1093","2025-04-14 02:00:00","22.037","32.3906","3117.5","88","26.4","0.4","100"
"1094","2025-04-14 02:15:00","22.0118","32.3438","3120","88","26.2","0.4","100"
"1095","2025-04-14 02:30:00","22.1637","32.3438","3106","89","26","0.4","100"
"1096","2025-04-14 02:45:00","22.0118","32.3125","3114","89","26","0.4","100"
"1097","2025-04-14 03:00:00","22.0118","32.2656","3110.5","89","25.8","0.2","89"
"1098","2025-04-14 03:15:00","22.0118","32.1875","3107","89","25.7","0.2","89"
"1099","2025-04-14 03:30:00","22.0622","32.1406","3107","90","25.6","0.2","89"
"1100","2025-04-14 03:45:00","22.0118","32.0312","3123","90","25.5","0.2","89"
"1101","2025-04-14 04:00:00","22.037","31.9844","3123.5","90","25.4","0.1","93"
"1102","2025-04-14 04:15:00","22.1634","31.9688","3099","90","25.3","0.1","93"
"1103","2025-04-14 04:30:00","21.9868","31.9688","3117","90","25.2","0.1","100"
"1104","2025-04-14 04:45:00","22.0118","31.9062","3107","90","26","0.1","100"
"1105","2025-04-14 05:00:00","22.0118","31.8125","3121","90","25.9","0","100"
"1106","2025-04-14 05:15:00","21.9617","31.7188","3121","90","25.8","0","100"
"1107","2025-04-14 05:30:00","22.0118","31.5781","3123.5","90","25.6","0","100"
"1108","2025-04-14 05:45:00","22.0118","31.6562","3124","89","25.5","0","100"
"1109","2025-04-14 06:00:00","22.0874","31.5781","3106.5","89","25.4","0","100"
"1110","2025-04-14 06:15:00","22.5747","31.5625","3071","89","25.4","0","100"
"1111","2025-04-14 06:30:00","22.7858","31.4844","3102","88","25.4","0","100"
"1112","2025-04-14 06:45:00","23.6513","31.5","3100","87","25.4","0","100"
"1113","2025-04-14 07:00:00","23.9319","31.4375","3088.5","87","25.4","0","100"
"1114","2025-04-14 07:15:00","23.1041","31.4688","3118","86","25.6","0","100"
"1115","2025-04-14 07:30:00","23.1316","31.4531","3115","85","25.9","0","100"
"1116","2025-04-14 07:45:00","23.1041","31.4375","3120","85","26.1","0","100"
"1117","2025-04-14 08:00:00","24.2175","31.4531","3159.5","84","26.2","0","100"
"1118","2025-04-14 08:15:00","24.7429","31.5312","3126","83","26.6","0","100"
"1119","2025-04-14 08:30:00","25.8464","31.5312","3136.5","81","27.1","0","100"
"1120","2025-04-14 08:45:00","27.5646","31.625","3118","79","27.5","0","100"
"1121","2025-04-14 09:00:00","27.636","31.6406","3104","78","27.9","0","100"
"1122","2025-04-14 09:15:00","28.4146","31.25","3114","77","28.2","0","100"
"1123","2025-04-14 09:30:00","26.0762","31.6094","3103.5","75","28.6","0","100"
"1124","2025-04-14 09:45:00","30.3126","31.75","3117","74","28.9","0","100"
"1125","2025-04-14 10:00:00","28.7802","31.875","3144.5","73","29.1","0","100"
"1126","2025-04-14 10:15:00","33.6665","31.9375","3147","72","29.4","0","100"
"1127","2025-04-14 10:30:00","32.7708","31.9844","3160.5","71","29.7","0","100"
"1128","2025-04-14 10:45:00","33.4815","32.0625","3152","75","29.8","0","100"
"1129","2025-04-14 11:00:00","33.2075","32.125","3151","74","29.9","0","100"
"1130","2025-04-14 11:15:00","35.5026","32.1875","3150","73","30","0","100"
